Customized Row,ID
Akshat,1462224759
Akshat,1462220081
 Bhavesh,1462226086
 Darsh,1462224440
 Bhavesh,1462222905
Chaitanya,1462222945
Akshat,1462225012
Akshat,1462223210
Chaitanya,1462220031
Chaitanya,1462220059
 Darsh,1462221861
 Bhavesh,1462224995
 Darsh,1462224765
Chaitanya,1462221668
Akshat,1462218524
Akshat,1462222429
Akshat,1462220304
Akshat,1462225666
 Darsh,1462218765
Akshat,1462225865
Akshat,1462222980
Chaitanya,1462225252
Akshat,1462226469
 Bhavesh,1462219426
Akshat,1462222891
Chaitanya,1462225929
Akshat,1462218566
Akshat,1462221768
Chaitanya,1462219042
Chaitanya,1462221439
 Darsh,1462219157
 Darsh,1462218616
Chaitanya,1462224576
 Bhavesh,1462222151
 Darsh,1462221994
Chaitanya,1462222143
 Bhavesh,1462224733
Chaitanya,1462219661
 Darsh,1462219583
 Darsh,1462223724
 Darsh,1462222488
Chaitanya,1462218483
Chaitanya,1462225005
Akshat,1462222700
Akshat,1462218725
 Bhavesh,1462221145
 Darsh,1462225561
Akshat,1462219430
Akshat,1462226410
 Bhavesh,1462220909
Chaitanya,1462222162
 Darsh,1462219449
 Bhavesh,1462226241
Akshat,1462222664
Akshat,1462219693
Chaitanya,1462223259
Akshat,1462219639
 Bhavesh,1462220466
Chaitanya,1462219074
 Darsh,1462219258
 Darsh,1462223148
 Darsh,1462226510
 Darsh,1462219003
 Darsh,1462223534
 Bhavesh,1462222883
 Darsh,1462221306
Akshat,1462222898
 Bhavesh,1462226232
Chaitanya,1462220818
Chaitanya,1462225784
 Darsh,1462219304
 Bhavesh,1462224379
 Darsh,1462222492
 Darsh,1462223453
Chaitanya,1462225345
 Darsh,1462225850
 Darsh,1462223367
 Bhavesh,1462220487
Akshat,1462224393
 Bhavesh,1462222587
Chaitanya,1462223273
 Darsh,1462223384
 Darsh,1462218975
 Darsh,1462219427
 Darsh,1462221618
 Bhavesh,1462219745
Chaitanya,1462219425
 Darsh,1462221611
 Darsh,1462218701
 Bhavesh,1462221639
 Bhavesh,1462224722
 Darsh,1462223104
Chaitanya,1462221791
 Darsh,1462220264
Akshat,1462219838
 Bhavesh,1462225531
 Darsh,1462220822
Akshat,1462225595
 Bhavesh,1462226325
 Darsh,1462226307
Chaitanya,1462224117
Chaitanya,1462222933
Akshat,1462223490
 Darsh,1462226399
 Darsh,1462219237
Chaitanya,1462223112
 Darsh,1462221980
 Bhavesh,1462221153
Chaitanya,1462222766
Chaitanya,1462225363
Akshat,1462225404
 Darsh,1462225492
Akshat,1462224659
 Bhavesh,1462221832
Akshat,1462223293
 Bhavesh,1462222947
 Bhavesh,1462222689
Akshat,1462222403
 Bhavesh,1462220534
 Bhavesh,1462218780
Chaitanya,1462220596
Akshat,1462224324
Akshat,1462226463
Akshat,1462222314
Chaitanya,1462219448
 Bhavesh,1462220980
 Darsh,1462220365
Akshat,1462224078
 Bhavesh,1462218710
Chaitanya,1462224034
 Bhavesh,1462224240
 Darsh,1462225030
Akshat,1462224154
 Darsh,1462220067
Chaitanya,1462222995
 Darsh,1462225672
 Bhavesh,1462218699
Akshat,1462221217
Akshat,1462220810
Akshat,1462221156
 Darsh,1462219830
Akshat,1462225465
 Darsh,1462222406
Akshat,1462218881
 Darsh,1462225083
 Bhavesh,1462221551
 Darsh,1462226367
 Darsh,1462223369
 Darsh,1462224467
 Bhavesh,1462221996
 Darsh,1462220843
Akshat,1462221005
 Bhavesh,1462218941
 Darsh,1462220879
 Bhavesh,1462220320
 Bhavesh,1462225183
 Darsh,1462221712
Chaitanya,1462224330
Akshat,1462221528
Akshat,1462223693
Chaitanya,1462223822
Akshat,1462220998
 Darsh,1462219723
 Darsh,1462225888
 Darsh,1462220730
 Bhavesh,1462220877
Chaitanya,1462225727
 Bhavesh,1462225735
Chaitanya,1462225862
Chaitanya,1462218659
 Bhavesh,1462224130
Chaitanya,1462224612
 Bhavesh,1462226124
 Darsh,1462221513
 Darsh,1462224701
 Bhavesh,1462220462
Akshat,1462222956
Chaitanya,1462226240
Chaitanya,1462225402
Chaitanya,1462221180
 Bhavesh,1462224151
 Bhavesh,1462222712
Akshat,1462220438
 Darsh,1462220878
 Darsh,1462220987
 Bhavesh,1462224243
Chaitanya,1462219957
Chaitanya,1462225568
 Darsh,1462222107
Akshat,1462222482
 Darsh,1462219040
 Bhavesh,1462221781
Akshat,1462226549
Chaitanya,1462219708
Chaitanya,1462220697
Chaitanya,1462225251
Chaitanya,1462221448
Chaitanya,1462220814
 Bhavesh,1462225732
Akshat,1462221038
 Bhavesh,1462224966
Chaitanya,1462221810
Chaitanya,1462221264
Chaitanya,1462218698
Chaitanya,1462225060
 Darsh,1462220174
Chaitanya,1462225033
 Bhavesh,1462223790
Chaitanya,1462224617
 Darsh,1462219624
Chaitanya,1462222233
Akshat,1462223773
 Bhavesh,1462218853
Chaitanya,1462224235
Akshat,1462218557
Chaitanya,1462221626
Chaitanya,1462221393
Akshat,1462221066
 Bhavesh,1462219769
 Darsh,1462224062
 Darsh,1462223867
 Bhavesh,1462218769
 Bhavesh,1462219315
 Darsh,1462221571
Chaitanya,1462224160
 Bhavesh,1462219861
Akshat,1462222093
Akshat,1462220420
 Bhavesh,1462221336
 Bhavesh,1462220171
Chaitanya,1462225751
Chaitanya,1462223803
 Bhavesh,1462223225
Akshat,1462219149
Chaitanya,1462221589
Akshat,1462225715
Chaitanya,1462225021
 Bhavesh,1462225129
Chaitanya,1462222981
 Bhavesh,1462224317
Akshat,1462225093
Chaitanya,1462218724
 Bhavesh,1462225747
Chaitanya,1462224593
Akshat,1462221660
 Bhavesh,1462224573
Chaitanya,1462218644
Chaitanya,1462225679
 Darsh,1462221570
 Bhavesh,1462226301
Akshat,1462222985
 Bhavesh,1462221667
Akshat,1462219155
Chaitanya,1462219574
 Darsh,1462221728
 Bhavesh,1462219556
 Bhavesh,1462223249
Chaitanya,1462222454
 Darsh,1462221701
 Darsh,1462223766
 Darsh,1462222540
Chaitanya,1462223798
Chaitanya,1462219125
 Darsh,1462221921
 Bhavesh,1462223841
Akshat,1462220768
Akshat,1462226227
 Bhavesh,1462221046
 Darsh,1462224326
 Darsh,1462223187
Akshat,1462221335
 Darsh,1462219420
 Darsh,1462222603
Chaitanya,1462224717
Akshat,1462218796
 Bhavesh,1462222722
Akshat,1462219321
 Bhavesh,1462226197
 Bhavesh,1462223263
Akshat,1462219459
 Darsh,1462224186
Akshat,1462223136
 Darsh,1462222140
 Bhavesh,1462221152
Chaitanya,1462225365
Chaitanya,1462220520
Akshat,1462222476
Chaitanya,1462225502
Akshat,1462226323
Chaitanya,1462220757
 Bhavesh,1462223018
Akshat,1462218826
 Bhavesh,1462221347
Akshat,1462220447
Chaitanya,1462219209
Akshat,1462223585
 Darsh,1462225654
 Darsh,1462222856
 Darsh,1462225898
 Darsh,1462225725
 Darsh,1462222631
 Darsh,1462220000
Chaitanya,1462219628
Chaitanya,1462222063
 Bhavesh,1462218518
 Bhavesh,1462220571
Akshat,1462220141
 Darsh,1462221923
 Bhavesh,1462219903
Akshat,1462221875
Akshat,1462222390
 Darsh,1462221548
 Darsh,1462223024
Akshat,1462220724
Akshat,1462220506
 Darsh,1462222534
 Darsh,1462222589
 Darsh,1462221816
 Bhavesh,1462222693
 Darsh,1462223127
Akshat,1462222379
Chaitanya,1462220610
Chaitanya,1462225440
 Darsh,1462225136
 Darsh,1462223655
 Darsh,1462225015
 Bhavesh,1462219147
Chaitanya,1462220632
 Bhavesh,1462223933
 Bhavesh,1462223566
Akshat,1462218532
Chaitanya,1462220476
Chaitanya,1462224315
 Bhavesh,1462219067
 Bhavesh,1462225644
Chaitanya,1462220874
 Bhavesh,1462221402
Chaitanya,1462226473
Akshat,1462223307
 Bhavesh,1462218547
 Bhavesh,1462223835
 Darsh,1462226170
 Bhavesh,1462221078
Akshat,1462225470
 Bhavesh,1462224732
Akshat,1462218495
 Bhavesh,1462221437
 Darsh,1462225483
Chaitanya,1462219901
 Darsh,1462224602
Akshat,1462224773
Akshat,1462218536
Chaitanya,1462219388
 Bhavesh,1462220222
Chaitanya,1462223358
 Darsh,1462220089
 Bhavesh,1462223195
 Darsh,1462226306
Akshat,1462225277
 Bhavesh,1462221237
Chaitanya,1462220564
 Darsh,1462224491
 Bhavesh,1462220197
Akshat,1462223522
Akshat,1462225052
 Bhavesh,1462223941
 Darsh,1462219143
Akshat,1462225384
Akshat,1462224509
Chaitanya,1462223640
Chaitanya,1462221651
 Bhavesh,1462220572
 Bhavesh,1462223614
 Darsh,1462225071
Chaitanya,1462225198
 Darsh,1462221358
Chaitanya,1462222322
Akshat,1462226547
Akshat,1462225017
 Darsh,1462225796
Akshat,1462219613
Akshat,1462225809
 Bhavesh,1462221685
 Darsh,1462223416
Chaitanya,1462221494
 Darsh,1462219761
Akshat,1462220126
 Bhavesh,1462223691
 Bhavesh,1462226110
Akshat,1462219310
 Darsh,1462224695
Akshat,1462224482
 Bhavesh,1462221908
 Darsh,1462226321
Chaitanya,1462223827
Akshat,1462219047
 Darsh,1462220513
 Darsh,1462223086
 Bhavesh,1462219028
Akshat,1462220847
Chaitanya,1462218972
Akshat,1462221800
 Darsh,1462226179
Chaitanya,1462224103
 Darsh,1462226341
 Darsh,1462222647
Akshat,1462225797
 Darsh,1462220124
 Darsh,1462219727
Chaitanya,1462219786
Akshat,1462221931
Akshat,1462224256
Akshat,1462225092
 Darsh,1462222780
 Bhavesh,1462225592
Akshat,1462222055
 Bhavesh,1462220463
 Darsh,1462223562
Akshat,1462220255
Chaitanya,1462223424
Chaitanya,1462218833
 Darsh,1462224826
Chaitanya,1462225584
 Bhavesh,1462224369
 Bhavesh,1462224407
 Bhavesh,1462225246
 Darsh,1462221874
 Darsh,1462225318
 Bhavesh,1462219444
Chaitanya,1462218738
 Bhavesh,1462220797
Chaitanya,1462220601
 Bhavesh,1462221808
Akshat,1462221269
 Bhavesh,1462221097
Chaitanya,1462218908
Chaitanya,1462218992
 Bhavesh,1462224828
Chaitanya,1462226275
 Bhavesh,1462224424
Chaitanya,1462219647
Akshat,1462223328
 Darsh,1462225980
Chaitanya,1462223008
 Bhavesh,1462223997
Akshat,1462218862
 Darsh,1462219535
 Bhavesh,1462220429
 Darsh,1462224671
Chaitanya,1462218838
Akshat,1462219883
Chaitanya,1462223224
 Darsh,1462223275
Chaitanya,1462225993
 Darsh,1462221741
Akshat,1462221970
Akshat,1462221826
 Bhavesh,1462220904
 Bhavesh,1462220839
Chaitanya,1462218562
Akshat,1462225173
Akshat,1462218711
 Darsh,1462218819
 Darsh,1462222135
 Darsh,1462222096
Chaitanya,1462222325
Akshat,1462226448
Chaitanya,1462223026
 Bhavesh,1462221997
Chaitanya,1462219657
 Bhavesh,1462222669
 Bhavesh,1462222437
 Darsh,1462221815
 Bhavesh,1462218647
Akshat,1462220452
 Bhavesh,1462224783
 Darsh,1462224058
Akshat,1462221084
Chaitanya,1462219677
 Darsh,1462220555
Chaitanya,1462221312
 Darsh,1462222937
 Bhavesh,1462224147
 Darsh,1462221579
 Darsh,1462221775
Akshat,1462219454
 Darsh,1462223727
Akshat,1462222742
Akshat,1462221137
 Darsh,1462223485
Akshat,1462222528
 Bhavesh,1462220302
Akshat,1462220019
Chaitanya,1462226385
 Bhavesh,1462218636
 Bhavesh,1462218855
Chaitanya,1462225186
Chaitanya,1462223531
Chaitanya,1462226405
 Darsh,1462220137
 Bhavesh,1462219817
 Bhavesh,1462219097
Akshat,1462225859
Chaitanya,1462224809
Chaitanya,1462220249
 Darsh,1462221510
 Bhavesh,1462222571
 Darsh,1462222228
Chaitanya,1462224554
 Darsh,1462221413
Akshat,1462221012
Akshat,1462220548
Chaitanya,1462220883
Chaitanya,1462221966
Akshat,1462221374
 Darsh,1462220957
 Darsh,1462220296
 Bhavesh,1462219184
 Bhavesh,1462226171
 Darsh,1462225446
Akshat,1462220011
 Bhavesh,1462226112
Chaitanya,1462224096
Chaitanya,1462225094
 Darsh,1462225253
Akshat,1462222777
 Bhavesh,1462224700
 Bhavesh,1462219112
 Bhavesh,1462218653
 Bhavesh,1462224262
Chaitanya,1462224672
Akshat,1462222501
 Darsh,1462223436
Chaitanya,1462222548
 Bhavesh,1462222783
Akshat,1462224093
Akshat,1462225636
Chaitanya,1462218534
Akshat,1462221824
Chaitanya,1462224236
 Bhavesh,1462225868
 Bhavesh,1462221225
 Darsh,1462224728
 Darsh,1462223472
Akshat,1462223264
Chaitanya,1462222729
Chaitanya,1462220616
 Bhavesh,1462225038
Chaitanya,1462218672
 Bhavesh,1462220903
 Darsh,1462224284
Akshat,1462220858
Akshat,1462224843
 Darsh,1462223203
 Darsh,1462222890
Akshat,1462222961
Chaitanya,1462220361
Chaitanya,1462225959
 Darsh,1462221299
 Darsh,1462226136
Chaitanya,1462225441
 Darsh,1462223407
 Darsh,1462218744
 Bhavesh,1462219228
 Darsh,1462220104
 Bhavesh,1462222068
Akshat,1462225648
 Darsh,1462226542
 Darsh,1462222849
 Bhavesh,1462224578
 Darsh,1462223389
 Bhavesh,1462223129
Chaitanya,1462220112
Akshat,1462223420
Akshat,1462223740
Akshat,1462222752
 Bhavesh,1462225741
Akshat,1462221549
 Bhavesh,1462223603
Chaitanya,1462222915
 Bhavesh,1462222808
Chaitanya,1462223506
 Darsh,1462220628
 Darsh,1462224900
 Darsh,1462224885
 Darsh,1462225830
Akshat,1462224423
 Darsh,1462224675
Akshat,1462224432
 Bhavesh,1462222004
 Darsh,1462223604
Chaitanya,1462222834
 Bhavesh,1462220983
Chaitanya,1462224422
 Bhavesh,1462220595
 Darsh,1462224174
Chaitanya,1462224949
Akshat,1462220743
Akshat,1462220242
 Darsh,1462220445
 Bhavesh,1462220421
Akshat,1462221710
Akshat,1462226092
Chaitanya,1462221026
Chaitanya,1462219175
Akshat,1462223181
 Bhavesh,1462219123
 Darsh,1462221969
Akshat,1462226072
Chaitanya,1462225263
Akshat,1462225322
 Darsh,1462223956
 Darsh,1462219746
 Bhavesh,1462221221
 Darsh,1462218849
 Darsh,1462223983
 Darsh,1462220967
Akshat,1462224790
 Darsh,1462223745
Akshat,1462218733
 Darsh,1462224373
Akshat,1462224608
 Darsh,1462222896
Akshat,1462218602
 Darsh,1462225707
Chaitanya,1462225516
Akshat,1462219923
 Bhavesh,1462220154
 Darsh,1462223320
 Darsh,1462223699
Akshat,1462222767
 Bhavesh,1462220351
Chaitanya,1462219793
 Bhavesh,1462224449
Chaitanya,1462224070
Chaitanya,1462225087
 Darsh,1462222989
Akshat,1462224189
 Bhavesh,1462223431
Chaitanya,1462219997
 Bhavesh,1462223703
Chaitanya,1462219893
Akshat,1462221535
Akshat,1462221085
Chaitanya,1462224226
 Darsh,1462220448
Akshat,1462223164
 Darsh,1462224382
 Bhavesh,1462220691
Akshat,1462224218
 Darsh,1462219107
Akshat,1462220793
 Darsh,1462223417
 Bhavesh,1462221940
Akshat,1462220748
 Bhavesh,1462219458
Akshat,1462220802
Chaitanya,1462224875
 Bhavesh,1462223652
 Darsh,1462221886
 Darsh,1462221164
 Bhavesh,1462220907
Akshat,1462219193
 Darsh,1462219465
Chaitanya,1462220668
 Darsh,1462226370
Akshat,1462223318
Akshat,1462218748
Akshat,1462223515
 Bhavesh,1462222821
 Darsh,1462220385
Akshat,1462219442
Akshat,1462220029
Chaitanya,1462223061
Chaitanya,1462220243
 Darsh,1462225723
Chaitanya,1462220790
Akshat,1462226176
Akshat,1462224457
Chaitanya,1462225082
 Darsh,1462220464
Akshat,1462223308
Chaitanya,1462224930
Chaitanya,1462225285
 Bhavesh,1462222857
 Bhavesh,1462222184
Akshat,1462225599
 Darsh,1462226169
Chaitanya,1462220931
 Bhavesh,1462226109
 Bhavesh,1462222583
Akshat,1462222622
 Bhavesh,1462224464
Chaitanya,1462223393
 Bhavesh,1462224542
 Bhavesh,1462225166
 Darsh,1462221788
 Darsh,1462223999
 Bhavesh,1462219187
 Darsh,1462219121
Akshat,1462225103
Akshat,1462221018
Akshat,1462218786
Chaitanya,1462218950
Akshat,1462219349
 Bhavesh,1462223647
 Darsh,1462220439
Akshat,1462223118
Chaitanya,1462220567
 Darsh,1462221059
Akshat,1462222036
 Bhavesh,1462223760
 Darsh,1462220611
 Bhavesh,1462225499
Akshat,1462226344
 Darsh,1462223830
 Darsh,1462220235
Chaitanya,1462224114
 Darsh,1462222939
 Bhavesh,1462224299
 Darsh,1462219970
Akshat,1462224374
 Bhavesh,1462225468
Chaitanya,1462225628
 Bhavesh,1462219174
Akshat,1462224139
Akshat,1462224105
 Bhavesh,1462226020
 Bhavesh,1462225759
 Darsh,1462218623
Akshat,1462219340
 Darsh,1462221226
Akshat,1462223791
 Darsh,1462226450
Akshat,1462219137
 Bhavesh,1462225570
Chaitanya,1462223762
Chaitanya,1462226288
Chaitanya,1462220815
 Bhavesh,1462225022
Chaitanya,1462222872
Akshat,1462225317
 Bhavesh,1462221118
Akshat,1462223327
 Bhavesh,1462223282
 Bhavesh,1462220781
Chaitanya,1462226133
Chaitanya,1462224033
Chaitanya,1462220084
Akshat,1462221726
Chaitanya,1462220789
 Darsh,1462222232
 Darsh,1462219533
Chaitanya,1462219483
 Darsh,1462221136
Chaitanya,1462223034
 Darsh,1462218597
Akshat,1462222285
Akshat,1462226483
Chaitanya,1462224587
 Bhavesh,1462221104
 Darsh,1462223903
Akshat,1462219898
Chaitanya,1462222416
 Darsh,1462219645
Chaitanya,1462221311
Chaitanya,1462221282
 Bhavesh,1462224571
 Bhavesh,1462225145
 Darsh,1462221087
 Bhavesh,1462221758
Chaitanya,1462226487
 Bhavesh,1462219668
 Bhavesh,1462223322
 Darsh,1462223031
 Darsh,1462221871
Akshat,1462219591
Akshat,1462218896
Chaitanya,1462225424
Chaitanya,1462218825
 Darsh,1462218879
Chaitanya,1462220964
Akshat,1462222197
Chaitanya,1462219421
Chaitanya,1462220140
 Darsh,1462220189
 Darsh,1462220893
 Bhavesh,1462225983
Chaitanya,1462223512
Chaitanya,1462219084
Akshat,1462222019
 Bhavesh,1462225572
Akshat,1462223495
 Bhavesh,1462226406
 Darsh,1462225035
Akshat,1462219993
 Darsh,1462224805
 Bhavesh,1462218570
 Bhavesh,1462218795
Akshat,1462221598
 Darsh,1462225804
Chaitanya,1462221497
Akshat,1462222958
 Darsh,1462225972
Chaitanya,1462223523
 Darsh,1462225376
 Darsh,1462225477
Chaitanya,1462222514
Akshat,1462222657
 Bhavesh,1462220161
 Bhavesh,1462224408
Chaitanya,1462218641
 Darsh,1462222781
Chaitanya,1462223087
Chaitanya,1462220097
Akshat,1462219589
 Darsh,1462225949
Chaitanya,1462224568
 Bhavesh,1462221416
Akshat,1462219823
 Darsh,1462219005
 Bhavesh,1462223730
Akshat,1462219323
 Bhavesh,1462226548
Chaitanya,1462224331
Akshat,1462224391
Akshat,1462218965
Chaitanya,1462219132
 Darsh,1462224075
 Bhavesh,1462223910
Chaitanya,1462221890
Akshat,1462222581
 Bhavesh,1462223622
Chaitanya,1462224288
 Bhavesh,1462224077
Chaitanya,1462221936
 Bhavesh,1462219317
 Darsh,1462224277
Chaitanya,1462223681
 Bhavesh,1462224594
Chaitanya,1462224591
Chaitanya,1462226493
 Bhavesh,1462225773
 Bhavesh,1462220552
 Bhavesh,1462223807
 Darsh,1462223056
Akshat,1462219214
 Darsh,1462221731
Chaitanya,1462223498
 Darsh,1462224726
 Darsh,1462220350
Akshat,1462221552
 Darsh,1462221760
Akshat,1462220314
 Darsh,1462223152
 Bhavesh,1462224710
 Darsh,1462221593
 Bhavesh,1462224735
 Darsh,1462225460
 Bhavesh,1462221688
 Darsh,1462220341
 Darsh,1462222659
Chaitanya,1462222037
 Darsh,1462223979
Akshat,1462224656
 Bhavesh,1462225627
Akshat,1462226394
 Darsh,1462224486
Akshat,1462219504
 Darsh,1462219462
 Darsh,1462226002
Akshat,1462225390
Akshat,1462219713
Akshat,1462225089
 Bhavesh,1462219735
 Bhavesh,1462226193
Chaitanya,1462220143
Chaitanya,1462225152
Chaitanya,1462225352
Akshat,1462222879
 Bhavesh,1462225351
 Darsh,1462222964
 Bhavesh,1462224136
Chaitanya,1462226022
Akshat,1462225491
 Bhavesh,1462223244
 Bhavesh,1462224922
Akshat,1462221091
Chaitanya,1462220103
Akshat,1462224433
 Bhavesh,1462221031
Chaitanya,1462222625
 Bhavesh,1462220477
 Bhavesh,1462224841
 Darsh,1462220996
Akshat,1462226073
 Bhavesh,1462224442
 Bhavesh,1462224498
Akshat,1462223949
Chaitanya,1462222222
 Bhavesh,1462219417
Akshat,1462220311
 Bhavesh,1462221176
Chaitanya,1462224210
 Darsh,1462224689
 Bhavesh,1462220918
Akshat,1462219387
 Bhavesh,1462221158
 Bhavesh,1462221691
Chaitanya,1462226239
Chaitanya,1462226523
Akshat,1462218732
Akshat,1462219221
 Bhavesh,1462219163
 Darsh,1462225696
 Bhavesh,1462219509
Chaitanya,1462221398
 Bhavesh,1462224371
 Darsh,1462226489
 Darsh,1462224017
Akshat,1462225733
Chaitanya,1462226108
 Darsh,1462220912
 Darsh,1462225587
Akshat,1462219728
 Bhavesh,1462223193
Chaitanya,1462224731
Chaitanya,1462225629
Akshat,1462225389
 Darsh,1462223869
 Bhavesh,1462220324
 Darsh,1462219224
 Bhavesh,1462223897
Akshat,1462221948
Akshat,1462223517
 Bhavesh,1462224646
Chaitanya,1462219325
 Bhavesh,1462223351
 Bhavesh,1462219066
 Bhavesh,1462220761
 Darsh,1462225670
Chaitanya,1462223251
 Bhavesh,1462223792
Akshat,1462226362
Chaitanya,1462220446
Akshat,1462218811
Chaitanya,1462225718
Chaitanya,1462224991
Akshat,1462220075
 Darsh,1462220532
Akshat,1462222216
 Bhavesh,1462226003
Chaitanya,1462225845
 Bhavesh,1462221383
 Darsh,1462225437
Chaitanya,1462219299
Chaitanya,1462223217
 Darsh,1462221424
 Darsh,1462225631
 Bhavesh,1462225662
 Darsh,1462226526
Chaitanya,1462225598
Akshat,1462224443
 Darsh,1462226223
 Darsh,1462221149
Akshat,1462224621
Akshat,1462220407
Chaitanya,1462221396
 Darsh,1462226333
 Darsh,1462222472
Chaitanya,1462224156
Akshat,1462219862
 Darsh,1462219482
Akshat,1462219054
 Bhavesh,1462219226
 Darsh,1462225366
Chaitanya,1462223040
Chaitanya,1462225719
 Bhavesh,1462223133
Chaitanya,1462221248
Akshat,1462222738
 Bhavesh,1462226282
 Darsh,1462223843
Akshat,1462222121
 Darsh,1462221028
Chaitanya,1462220955
Akshat,1462220281
Chaitanya,1462223425
 Bhavesh,1462219635
 Bhavesh,1462222131
Akshat,1462219294
 Bhavesh,1462219987
 Darsh,1462224861
 Bhavesh,1462222480
Chaitanya,1462220941
Akshat,1462222411
Akshat,1462223350
Chaitanya,1462219798
 Bhavesh,1462221457
Chaitanya,1462222715
 Bhavesh,1462222527
Akshat,1462224696
 Darsh,1462220924
 Darsh,1462225313
 Darsh,1462225910
 Bhavesh,1462223331
Chaitanya,1462225948
 Darsh,1462225113
 Bhavesh,1462220762
Akshat,1462219756
 Darsh,1462225254
Chaitanya,1462222621
 Darsh,1462219600
 Darsh,1462220277
 Darsh,1462222047
 Darsh,1462224712
 Bhavesh,1462222955
 Darsh,1462226363
Akshat,1462222604
Akshat,1462219300
Akshat,1462221601
Chaitanya,1462223720
Chaitanya,1462220260
Akshat,1462218734
Akshat,1462220706
 Darsh,1462222194
 Darsh,1462225438
Akshat,1462226214
Chaitanya,1462219979
Chaitanya,1462220118
 Darsh,1462223749
 Darsh,1462219920
Chaitanya,1462223688
 Bhavesh,1462219616
Akshat,1462225969
Chaitanya,1462224582
Akshat,1462221044
Chaitanya,1462224272
Akshat,1462219517
 Darsh,1462218643
 Darsh,1462224917
 Darsh,1462222575
 Bhavesh,1462223530
 Darsh,1462225309
Chaitanya,1462225607
Chaitanya,1462222342
Chaitanya,1462226255
Akshat,1462219884
Chaitanya,1462220480
Chaitanya,1462224471
 Bhavesh,1462224842
Akshat,1462226069
 Darsh,1462224029
Akshat,1462218909
 Bhavesh,1462222852
 Darsh,1462225889
Chaitanya,1462225098
Akshat,1462223982
 Darsh,1462223326
Akshat,1462219217
Akshat,1462219456
Akshat,1462221016
 Darsh,1462222436
Akshat,1462222596
 Darsh,1462224727
Akshat,1462226173
Chaitanya,1462222282
 Bhavesh,1462218575
Akshat,1462220412
Akshat,1462222160
Chaitanya,1462222977
Chaitanya,1462220383
Chaitanya,1462221247
 Darsh,1462226245
Akshat,1462225958
 Bhavesh,1462220845
 Bhavesh,1462219331
 Bhavesh,1462224138
 Darsh,1462223394
Akshat,1462225721
Chaitanya,1462223285
Chaitanya,1462222580
Akshat,1462219888
 Bhavesh,1462223832
 Darsh,1462224173
Akshat,1462221143
 Bhavesh,1462220150
 Bhavesh,1462221672
Chaitanya,1462220794
 Bhavesh,1462219013
 Bhavesh,1462221801
 Bhavesh,1462224108
Akshat,1462219333
 Darsh,1462225514
Akshat,1462222876
 Bhavesh,1462221707
Chaitanya,1462221438
Chaitanya,1462221621
Akshat,1462221108
Chaitanya,1462220300
 Darsh,1462219493
 Darsh,1462218633
Akshat,1462223460
Akshat,1462224087
 Bhavesh,1462223771
 Darsh,1462221277
Akshat,1462220481
 Darsh,1462225863
 Bhavesh,1462221102
 Darsh,1462222475
Chaitanya,1462219911
 Darsh,1462223651
 Bhavesh,1462219612
Chaitanya,1462225918
Chaitanya,1462221209
 Darsh,1462225638
Akshat,1462220948
Akshat,1462221847
 Bhavesh,1462224557
 Bhavesh,1462223951
Akshat,1462224216
Chaitanya,1462223349
 Darsh,1462221200
 Darsh,1462221476
Chaitanya,1462221361
Akshat,1462219722
Akshat,1462222455
 Darsh,1462225485
 Darsh,1462222797
 Darsh,1462219061
 Bhavesh,1462219809
 Darsh,1462218600
 Darsh,1462219937
Akshat,1462219100
Akshat,1462219718
Akshat,1462223817
Akshat,1462219590
 Darsh,1462223904
 Darsh,1462221637
 Bhavesh,1462224993
Akshat,1462219505
Chaitanya,1462222039
 Darsh,1462218526
Akshat,1462219528
Chaitanya,1462218843
 Darsh,1462225387
 Darsh,1462219750
Chaitanya,1462219413
Chaitanya,1462225075
 Bhavesh,1462218549
Chaitanya,1462223457
Akshat,1462218877
 Darsh,1462223616
Chaitanya,1462222296
 Darsh,1462218667
Akshat,1462218872
 Darsh,1462223091
Akshat,1462218556
 Bhavesh,1462226310
Chaitanya,1462220012
Akshat,1462219093
 Darsh,1462225999
 Darsh,1462225427
Chaitanya,1462226351
 Darsh,1462220977
Chaitanya,1462224534
Akshat,1462225519
Chaitanya,1462225589
Chaitanya,1462222676
Akshat,1462225957
Chaitanya,1462218800
 Darsh,1462218590
Akshat,1462222003
 Darsh,1462222097
Chaitanya,1462219133
 Darsh,1462220806
Chaitanya,1462226497
Akshat,1462219114
 Darsh,1462220612
Akshat,1462221525
 Bhavesh,1462225042
 Darsh,1462219234
 Darsh,1462222095
 Bhavesh,1462224050
 Bhavesh,1462225748
Chaitanya,1462220988
 Darsh,1462220403
 Darsh,1462222917
Akshat,1462222471
 Darsh,1462222912
 Darsh,1462224076
 Bhavesh,1462219578
 Darsh,1462220023
Akshat,1462221732
Akshat,1462220972
Akshat,1462220356
Akshat,1462225930
 Bhavesh,1462226407
Chaitanya,1462219316
 Bhavesh,1462225726
 Darsh,1462223541
Chaitanya,1462223828
Akshat,1462222362
Akshat,1462223289
Akshat,1462226359
Chaitanya,1462219588
Chaitanya,1462223271
 Darsh,1462225223
Akshat,1462221893
Akshat,1462225557
 Bhavesh,1462225896
 Bhavesh,1462226242
Akshat,1462219944
 Bhavesh,1462225140
Chaitanya,1462223579
Akshat,1462218546
 Darsh,1462223667
 Bhavesh,1462219516
Chaitanya,1462219879
Chaitanya,1462224506
Akshat,1462218990
 Bhavesh,1462222642
Chaitanya,1462218492
 Bhavesh,1462224616
Chaitanya,1462219844
Akshat,1462222289
Akshat,1462223254
 Bhavesh,1462224469
Akshat,1462225335
Chaitanya,1462225742
Chaitanya,1462221615
Chaitanya,1462225391
 Darsh,1462224258
 Darsh,1462220692
 Darsh,1462226506
 Bhavesh,1462220048
Chaitanya,1462225549
Akshat,1462223366
Chaitanya,1462225697
Chaitanya,1462224950
 Bhavesh,1462219370
 Darsh,1462223068
Akshat,1462219350
Akshat,1462224431
 Bhavesh,1462223528
 Bhavesh,1462221872
Akshat,1462223648
 Bhavesh,1462222299
 Bhavesh,1462219926
Chaitanya,1462219666
 Darsh,1462224490
 Darsh,1462218514
Chaitanya,1462221319
Chaitanya,1462221934
Chaitanya,1462223721
 Darsh,1462220329
Akshat,1462221883
 Darsh,1462220316
Chaitanya,1462219596
 Darsh,1462222618
Chaitanya,1462220426
 Bhavesh,1462222176
Chaitanya,1462219952
Chaitanya,1462222396
Akshat,1462220494
 Darsh,1462222086
 Bhavesh,1462219676
Akshat,1462221131
Chaitanya,1462225213
Akshat,1462223574
 Bhavesh,1462222211
Chaitanya,1462225605
 Darsh,1462224219
 Bhavesh,1462225603
 Darsh,1462220882
Chaitanya,1462224547
Akshat,1462224601
Chaitanya,1462224006
 Darsh,1462226017
 Bhavesh,1462224533
 Darsh,1462221821
Akshat,1462224322
 Darsh,1462223989
 Darsh,1462223602
 Bhavesh,1462221062
Chaitanya,1462224523
 Bhavesh,1462220486
Akshat,1462220615
 Darsh,1462221673
 Darsh,1462219437
 Bhavesh,1462219153
Chaitanya,1462220938
 Darsh,1462222913
Akshat,1462222338
Chaitanya,1462220381
Chaitanya,1462221546
Chaitanya,1462222695
 Bhavesh,1462224879
Chaitanya,1462224738
Akshat,1462226084
 Darsh,1462222266
 Bhavesh,1462219789
Akshat,1462225534
Chaitanya,1462223560
Chaitanya,1462223937
 Bhavesh,1462224252
 Bhavesh,1462221964
Akshat,1462221715
 Bhavesh,1462223027
 Bhavesh,1462222305
Akshat,1462222728
 Darsh,1462222861
 Darsh,1462224499
 Bhavesh,1462221240
 Bhavesh,1462222822
 Darsh,1462224137
Akshat,1462225324
 Bhavesh,1462222696
 Darsh,1462223356
 Bhavesh,1462226224
Chaitanya,1462218778
Akshat,1462219988
 Bhavesh,1462224982
Chaitanya,1462222275
Chaitanya,1462223953
 Darsh,1462222818
Akshat,1462223769
Akshat,1462225111
Chaitanya,1462224810
Akshat,1462226416
Akshat,1462224863
Akshat,1462221998
Akshat,1462222209
Akshat,1462224677
Chaitanya,1462220267
Chaitanya,1462224549
Chaitanya,1462220838
Akshat,1462225919
Chaitanya,1462218666
 Bhavesh,1462223896
 Bhavesh,1462225221
Akshat,1462225489
 Bhavesh,1462223611
 Darsh,1462221933
Chaitanya,1462226034
 Bhavesh,1462221656
 Bhavesh,1462220051
 Darsh,1462221422
Chaitanya,1462221555
Akshat,1462224893
 Darsh,1462221070
 Bhavesh,1462219307
 Bhavesh,1462219900
Akshat,1462223058
 Darsh,1462225482
 Bhavesh,1462225144
Chaitanya,1462226330
 Bhavesh,1462225885
 Darsh,1462220374
Akshat,1462220695
 Bhavesh,1462224380
Chaitanya,1462219508
 Darsh,1462221782
Chaitanya,1462220649
Chaitanya,1462221753
Akshat,1462219984
 Darsh,1462226259
 Darsh,1462223899
Chaitanya,1462218651
Chaitanya,1462221690
 Bhavesh,1462225284
 Darsh,1462222983
Akshat,1462220073
Chaitanya,1462225295
Akshat,1462220058
 Darsh,1462219411
Chaitanya,1462222067
 Darsh,1462219748
 Darsh,1462226187
 Bhavesh,1462218482
 Bhavesh,1462222077
 Bhavesh,1462226250
 Bhavesh,1462222155
 Darsh,1462226105
Akshat,1462224047
 Darsh,1462224152
 Bhavesh,1462224470
Akshat,1462221462
 Darsh,1462224518
 Darsh,1462219593
 Darsh,1462225573
Chaitanya,1462221244
Akshat,1462219815
 Darsh,1462218510
Chaitanya,1462221351
Akshat,1462223617
Chaitanya,1462225061
 Darsh,1462223729
Akshat,1462218885
Akshat,1462220083
Akshat,1462223533
Chaitanya,1462224504
 Darsh,1462225423
 Bhavesh,1462218791
Akshat,1462219152
Chaitanya,1462221298
 Bhavesh,1462219216
Akshat,1462221985
 Darsh,1462222188
Chaitanya,1462218595
Chaitanya,1462220095
Akshat,1462224348
 Bhavesh,1462222711
Akshat,1462224548
Chaitanya,1462226331
 Darsh,1462222470
 Darsh,1462221864
Chaitanya,1462219279
 Bhavesh,1462218816
Chaitanya,1462219095
Chaitanya,1462225014
Chaitanya,1462225282
 Bhavesh,1462221625
 Bhavesh,1462221669
Akshat,1462218863
Chaitanya,1462219781
Akshat,1462223236
Chaitanya,1462219197
 Bhavesh,1462221965
Chaitanya,1462223295
Akshat,1462225842
Akshat,1462222709
Akshat,1462224385
Akshat,1462224301
 Darsh,1462223004
 Bhavesh,1462221595
Chaitanya,1462222186
Akshat,1462222921
 Darsh,1462223978
Akshat,1462222030
Akshat,1462219819
 Bhavesh,1462225988
Akshat,1462223599
Akshat,1462219385
Chaitanya,1462219840
 Darsh,1462223884
Chaitanya,1462219526
Akshat,1462226294
Chaitanya,1462224255
 Darsh,1462222531
Chaitanya,1462221254
 Darsh,1462221840
Akshat,1462221115
 Bhavesh,1462222487
Chaitanya,1462222595
 Darsh,1462221729
Chaitanya,1462226228
 Bhavesh,1462223796
Chaitanya,1462222116
 Bhavesh,1462224888
Chaitanya,1462225178
Chaitanya,1462224603
 Bhavesh,1462220175
 Darsh,1462221671
Akshat,1462221313
 Darsh,1462224250
 Bhavesh,1462220192
Akshat,1462221544
Akshat,1462220723
Akshat,1462224362
Akshat,1462218617
Chaitanya,1462221917
Chaitanya,1462222805
Akshat,1462219386
 Darsh,1462219804
 Bhavesh,1462225188
 Bhavesh,1462218599
 Darsh,1462225138
 Darsh,1462218901
Akshat,1462224061
 Bhavesh,1462221469
Akshat,1462223313
Akshat,1462218568
Chaitanya,1462224714
 Darsh,1462220945
Akshat,1462225411
Chaitanya,1462225381
Akshat,1462219485
 Bhavesh,1462222134
Chaitanya,1462223816
 Bhavesh,1462225417
Chaitanya,1462221257
 Bhavesh,1462223054
Akshat,1462225939
Chaitanya,1462218680
 Darsh,1462223222
 Bhavesh,1462221344
 Bhavesh,1462218964
 Darsh,1462222609
Akshat,1462222672
 Darsh,1462225581
Chaitanya,1462221644
 Darsh,1462223449
Chaitanya,1462221434
 Bhavesh,1462226480
Akshat,1462223801
Chaitanya,1462224963
 Darsh,1462219772
Akshat,1462220434
Chaitanya,1462222507
Chaitanya,1462222616
Chaitanya,1462223208
Akshat,1462219891
Akshat,1462219768
Akshat,1462219261
 Bhavesh,1462224394
Akshat,1462219046
 Darsh,1462218558
 Darsh,1462220008
 Bhavesh,1462220099
 Darsh,1462224772
Akshat,1462225298
Chaitanya,1462222041
 Bhavesh,1462225449
 Darsh,1462223134
 Bhavesh,1462223476
 Darsh,1462219254
Akshat,1462225476
 Darsh,1462225106
 Bhavesh,1462225332
 Bhavesh,1462218527
Akshat,1462221789
Chaitanya,1462221445
 Darsh,1462219916
Chaitanya,1462225873
Akshat,1462223012
 Bhavesh,1462225515
Chaitanya,1462224525
 Bhavesh,1462222889
 Darsh,1462221142
 Darsh,1462219101
 Bhavesh,1462219948
 Darsh,1462222224
Akshat,1462218563
Akshat,1462221219
Akshat,1462221993
Akshat,1462219115
 Darsh,1462223405
 Darsh,1462225526
 Darsh,1462221440
Chaitanya,1462220659
Chaitanya,1462224979
 Darsh,1462222901
Chaitanya,1462220561
 Bhavesh,1462221315
Chaitanya,1462221271
Chaitanya,1462226031
Chaitanya,1462220468
 Darsh,1462225764
 Bhavesh,1462223505
 Darsh,1462226103
Akshat,1462223972
 Bhavesh,1462225066
Chaitanya,1462223704
 Darsh,1462221811
 Bhavesh,1462219518
 Bhavesh,1462224247
Chaitanya,1462220014
 Darsh,1462224044
 Darsh,1462221431
 Bhavesh,1462226532
 Bhavesh,1462225807
Chaitanya,1462220123
 Bhavesh,1462225275
 Darsh,1462222331
Chaitanya,1462220535
Akshat,1462221359
 Bhavesh,1462220036
Chaitanya,1462223706
 Darsh,1462219779
Chaitanya,1462223858
Chaitanya,1462225229
 Bhavesh,1462219873
Akshat,1462226358
 Bhavesh,1462226199
Chaitanya,1462222129
 Bhavesh,1462222502
Chaitanya,1462224850
Akshat,1462219065
Akshat,1462220257
Akshat,1462220850
 Darsh,1462223260
 Darsh,1462224845
Akshat,1462220355
 Darsh,1462224190
Chaitanya,1462222632
Chaitanya,1462223403
 Bhavesh,1462218723
 Darsh,1462226191
 Darsh,1462221239
Chaitanya,1462221844
 Bhavesh,1462225606
 Bhavesh,1462223242
 Darsh,1462224090
Chaitanya,1462221289
Chaitanya,1462221291
 Bhavesh,1462225952
Chaitanya,1462224627
 Darsh,1462219909
Akshat,1462226159
 Bhavesh,1462218535
 Bhavesh,1462226125
Akshat,1462220501
 Bhavesh,1462223019
Chaitanya,1462222220
Chaitanya,1462219075
 Bhavesh,1462225979
Akshat,1462219120
 Bhavesh,1462223770
 Bhavesh,1462220473
 Bhavesh,1462225823
Chaitanya,1462221941
 Bhavesh,1462222817
Akshat,1462219733
 Darsh,1462223846
Chaitanya,1462219662
 Darsh,1462223713
 Bhavesh,1462223914
Chaitanya,1462225165
Chaitanya,1462221924
Akshat,1462221740
Akshat,1462222243
 Darsh,1462226422
 Bhavesh,1462224153
Akshat,1462226030
 Bhavesh,1462220949
Akshat,1462224530
 Bhavesh,1462222645
Chaitanya,1462223742
Akshat,1462218742
Akshat,1462222398
 Darsh,1462224409
 Bhavesh,1462222701
 Darsh,1462219692
Chaitanya,1462224462
 Darsh,1462220261
 Darsh,1462220726
 Bhavesh,1462224113
 Darsh,1462225194
 Darsh,1462225369
 Darsh,1462218767
 Darsh,1462224799
 Darsh,1462219320
 Bhavesh,1462222880
Chaitanya,1462226011
Chaitanya,1462219659
 Bhavesh,1462220890
 Bhavesh,1462222831
 Darsh,1462221568
 Darsh,1462222440
Chaitanya,1462221909
Chaitanya,1462221105
 Darsh,1462223715
Chaitanya,1462222965
 Darsh,1462222065
Chaitanya,1462221677
 Bhavesh,1462221140
 Bhavesh,1462225170
Akshat,1462218976
Chaitanya,1462222559
Akshat,1462222555
Akshat,1462222598
 Darsh,1462219308
Akshat,1462222239
 Darsh,1462224785
 Bhavesh,1462226284
Akshat,1462225192
Akshat,1462222950
 Bhavesh,1462220543
 Darsh,1462221602
Chaitanya,1462224529
Akshat,1462222779
 Darsh,1462218973
Chaitanya,1462225410
Chaitanya,1462223805
Chaitanya,1462226308
Chaitanya,1462221477
Akshat,1462226298
Akshat,1462222802
 Bhavesh,1462221371
 Darsh,1462220241
 Bhavesh,1462224756
 Bhavesh,1462225521
Chaitanya,1462223491
Akshat,1462224405
 Bhavesh,1462219165
Chaitanya,1462223085
 Bhavesh,1462223747
 Bhavesh,1462226007
Akshat,1462219673
Akshat,1462225490
 Bhavesh,1462225694
Akshat,1462223314
Chaitanya,1462224669
 Darsh,1462221082
 Bhavesh,1462219569
 Darsh,1462220002
 Darsh,1462224465
Chaitanya,1462222269
Chaitanya,1462225179
Akshat,1462223038
 Bhavesh,1462225890
 Bhavesh,1462219343
 Darsh,1462221332
Chaitanya,1462220457
Akshat,1462226121
 Bhavesh,1462219172
Chaitanya,1462220279
Akshat,1462223100
Chaitanya,1462220079
 Darsh,1462225271
Chaitanya,1462221536
Akshat,1462220613
 Bhavesh,1462222205
 Darsh,1462219932
 Bhavesh,1462226468
Chaitanya,1462219445
Chaitanya,1462219022
 Bhavesh,1462221030
Chaitanya,1462221518
Akshat,1462218662
 Bhavesh,1462225824
Akshat,1462224319
 Darsh,1462225264
 Darsh,1462220773
 Darsh,1462223638
 Bhavesh,1462221444
 Bhavesh,1462220716
Akshat,1462224559
Chaitanya,1462224241
 Bhavesh,1462219586
Akshat,1462219655
Chaitanya,1462225722
 Darsh,1462222990
Akshat,1462220685
Akshat,1462221804
 Darsh,1462220334
 Darsh,1462223447
 Darsh,1462226186
 Bhavesh,1462218574
Akshat,1462220950
Akshat,1462221562
 Darsh,1462219877
 Bhavesh,1462226453
Chaitanya,1462226320
Akshat,1462224223
 Darsh,1462225454
Akshat,1462226127
Chaitanya,1462224253
Chaitanya,1462219907
 Bhavesh,1462222238
Akshat,1462220813
Chaitanya,1462219416
Chaitanya,1462221507
Chaitanya,1462223374
Akshat,1462222778
Akshat,1462219460
Akshat,1462226204
Akshat,1462224996
Chaitanya,1462221004
 Darsh,1462224600
 Darsh,1462226395
Chaitanya,1462222582
Chaitanya,1462223942
Akshat,1462218759
 Darsh,1462222399
Akshat,1462221266
 Bhavesh,1462222614
Chaitanya,1462218606
 Bhavesh,1462223381
Akshat,1462221670
Chaitanya,1462223143
Akshat,1462222167
Akshat,1462224624
Chaitanya,1462223639
 Darsh,1462222906
Chaitanya,1462220736
 Darsh,1462223810
 Darsh,1462219774
Akshat,1462221290
 Darsh,1462226529
 Darsh,1462225619
Akshat,1462220340
Chaitanya,1462219129
 Darsh,1462224202
 Bhavesh,1462218720
Chaitanya,1462224973
 Darsh,1462222870
 Darsh,1462223825
 Darsh,1462220827
 Bhavesh,1462220841
Chaitanya,1462224585
Chaitanya,1462223945
Chaitanya,1462220592
 Bhavesh,1462219381
Akshat,1462223480
Akshat,1462221647
 Darsh,1462223324
 Darsh,1462220782
 Bhavesh,1462225646
 Bhavesh,1462221774
 Darsh,1462225189
Akshat,1462225655
Akshat,1462221718
Chaitanya,1462220188
 Bhavesh,1462220145
 Darsh,1462219825
Chaitanya,1462221364
Chaitanya,1462226528
Chaitanya,1462225960
Akshat,1462220377
 Darsh,1462222895
 Bhavesh,1462221157
Chaitanya,1462225612
Chaitanya,1462219275
 Bhavesh,1462224185
 Bhavesh,1462225464
 Bhavesh,1462219867
 Bhavesh,1462220309
 Darsh,1462226087
 Bhavesh,1462225771
 Darsh,1462223098
Akshat,1462224615
Chaitanya,1462220777
Chaitanya,1462219377
 Darsh,1462226235
Akshat,1462226439
 Bhavesh,1462221887
 Darsh,1462222624
Chaitanya,1462224231
 Bhavesh,1462222090
Akshat,1462218779
Akshat,1462220068
 Darsh,1462219853
Chaitanya,1462220891
 Darsh,1462223630
Chaitanya,1462223636
 Darsh,1462225374
 Darsh,1462226220
 Bhavesh,1462224513
Chaitanya,1462225624
Chaitanya,1462219585
 Bhavesh,1462223111
Chaitanya,1462223032
Chaitanya,1462225802
Chaitanya,1462221129
 Bhavesh,1462222419
 Bhavesh,1462223970
 Bhavesh,1462220529
 Bhavesh,1462219285
 Darsh,1462223862
 Darsh,1462221404
 Bhavesh,1462226475
Chaitanya,1462224306
 Bhavesh,1462221067
Chaitanya,1462220639
Chaitanya,1462218649
 Darsh,1462224386
 Bhavesh,1462225562
Chaitanya,1462225504
Akshat,1462221274
Akshat,1462226372
 Darsh,1462220319
 Bhavesh,1462223105
Chaitanya,1462226126
 Darsh,1462224056
Akshat,1462222373
Akshat,1462223593
 Darsh,1462225875
 Bhavesh,1462224048
Chaitanya,1462223189
 Darsh,1462219972
 Bhavesh,1462224771
 Darsh,1462225359
 Darsh,1462224227
Akshat,1462222787
Chaitanya,1462224102
 Darsh,1462226100
Chaitanya,1462224965
Chaitanya,1462223074
 Darsh,1462225211
 Darsh,1462220670
 Darsh,1462221739
Akshat,1462219991
 Bhavesh,1462224125
Chaitanya,1462219565
Chaitanya,1462225147
Chaitanya,1462225992
 Darsh,1462223594
Chaitanya,1462224555
Akshat,1462224082
 Bhavesh,1462221904
Chaitanya,1462223140
 Darsh,1462223589
Chaitanya,1462224505
Akshat,1462219146
Chaitanya,1462226196
 Darsh,1462221848
 Bhavesh,1462224353
Akshat,1462221683
 Bhavesh,1462222242
Akshat,1462220370
 Bhavesh,1462225819
 Darsh,1462219656
Chaitanya,1462219930
Akshat,1462220756
Chaitanya,1462223302
 Darsh,1462225044
 Darsh,1462223170
Chaitanya,1462218721
Chaitanya,1462222340
 Darsh,1462219139
 Darsh,1462218508
 Darsh,1462223800
Chaitanya,1462219674
Akshat,1462222405
 Bhavesh,1462220379
 Darsh,1462222035
 Bhavesh,1462220433
Akshat,1462223518
Akshat,1462220831
Akshat,1462221912
 Darsh,1462219076
Chaitanya,1462218530
Akshat,1462224592
Chaitanya,1462220514
 Darsh,1462225841
 Darsh,1462226511
 Bhavesh,1462224095
 Darsh,1462225838
Akshat,1462226479
 Darsh,1462221135
Chaitanya,1462224120
 Darsh,1462224413
Akshat,1462218576
 Bhavesh,1462226131
Akshat,1462223550
Chaitanya,1462219561
Akshat,1462221120
Akshat,1462225543
 Darsh,1462224630
 Darsh,1462219575
Chaitanya,1462221489
Chaitanya,1462221944
 Darsh,1462222504
Akshat,1462220549
 Darsh,1462225787
Akshat,1462225556
 Darsh,1462225048
Chaitanya,1462221765
 Darsh,1462226374
 Bhavesh,1462218560
 Bhavesh,1462224292
Chaitanya,1462221316
Akshat,1462224903
 Bhavesh,1462224387
Chaitanya,1462226065
Akshat,1462221484
Chaitanya,1462223121
 Darsh,1462222667
 Darsh,1462224560
 Darsh,1462224049
Chaitanya,1462219724
 Darsh,1462223212
Akshat,1462221420
 Darsh,1462221527
 Bhavesh,1462219503
 Darsh,1462223958
 Darsh,1462224661
Akshat,1462219288
Chaitanya,1462225238
 Darsh,1462225142
Chaitanya,1462225604
Akshat,1462222827
 Darsh,1462226130
 Darsh,1462224986
 Darsh,1462224709
Chaitanya,1462220128
Chaitanya,1462225613
Akshat,1462222655
Akshat,1462219326
Akshat,1462223509
 Darsh,1462221014
 Darsh,1462220857
Akshat,1462226150
Chaitanya,1462218485
Chaitanya,1462221169
Chaitanya,1462225547
Chaitanya,1462224836
 Darsh,1462224931
 Darsh,1462221138
 Bhavesh,1462223836
Akshat,1462218635
 Bhavesh,1462223984
 Darsh,1462226401
 Darsh,1462224264
Chaitanya,1462224341
Akshat,1462221147
Chaitanya,1462226462
 Bhavesh,1462218585
 Darsh,1462222931
 Darsh,1462220182
 Darsh,1462225040
Akshat,1462219598
 Darsh,1462225513
 Darsh,1462225914
Chaitanya,1462220342
Chaitanya,1462222786
 Bhavesh,1462222765
 Darsh,1462223385
Akshat,1462222791
Chaitanya,1462222375
Akshat,1462225505
 Darsh,1462222612
 Bhavesh,1462221638
Akshat,1462225149
 Darsh,1462223452
Akshat,1462219156
Akshat,1462226352
Chaitanya,1462220651
Chaitanya,1462220721
 Bhavesh,1462219468
 Bhavesh,1462221870
 Bhavesh,1462218614
 Bhavesh,1462222599
 Darsh,1462225729
Akshat,1462222543
 Darsh,1462225268
Chaitanya,1462221730
 Darsh,1462224579
 Bhavesh,1462223202
 Bhavesh,1462221735
 Darsh,1462224041
 Darsh,1462225812
Chaitanya,1462223707
 Darsh,1462218730
Akshat,1462221835
Chaitanya,1462220066
Chaitanya,1462219402
 Bhavesh,1462225249
Chaitanya,1462225903
Chaitanya,1462218694
Chaitanya,1462224928
 Darsh,1462219928
Akshat,1462225630
 Darsh,1462221631
Akshat,1462225940
Chaitanya,1462222344
Akshat,1462225181
 Darsh,1462223455
Chaitanya,1462220588
Akshat,1462223856
Chaitanya,1462225272
 Darsh,1462225861
Akshat,1462222267
 Darsh,1462219743
Chaitanya,1462219055
Chaitanya,1462225010
Chaitanya,1462221088
Chaitanya,1462219618
 Darsh,1462221216
Chaitanya,1462224466
Chaitanya,1462225004
 Bhavesh,1462220662
 Bhavesh,1462224862
Chaitanya,1462220913
 Darsh,1462224567
 Darsh,1462226536
Chaitanya,1462221561
 Bhavesh,1462220212
 Bhavesh,1462221500
Chaitanya,1462224200
 Darsh,1462224532
 Darsh,1462218714
 Bhavesh,1462221989
 Bhavesh,1462223292
 Darsh,1462224182
 Darsh,1462221372
 Darsh,1462222490
Chaitanya,1462219348
 Bhavesh,1462223227
Chaitanya,1462226426
 Bhavesh,1462225554
 Darsh,1462225043
Chaitanya,1462226156
Akshat,1462223847
 Darsh,1462220819
Akshat,1462226299
 Darsh,1462224023
 Darsh,1462225405
Akshat,1462221851
Akshat,1462226210
 Darsh,1462223459
 Darsh,1462224497
 Darsh,1462224876
Chaitanya,1462219009
 Bhavesh,1462223736
 Darsh,1462224352
Chaitanya,1462224704
 Bhavesh,1462226163
 Darsh,1462224653
 Darsh,1462222795
Chaitanya,1462221807
Chaitanya,1462224435
Akshat,1462222364
Chaitanya,1462222459
Akshat,1462220006
 Darsh,1462221442
 Darsh,1462225472
 Darsh,1462222539
Chaitanya,1462218676
 Darsh,1462223116
 Darsh,1462225475
Chaitanya,1462222678
Akshat,1462226291
 Darsh,1462221412
 Bhavesh,1462224116
 Bhavesh,1462218921
 Darsh,1462219775
 Darsh,1462219576
Akshat,1462221178
Chaitanya,1462225535
 Bhavesh,1462224521
Akshat,1462219847
 Bhavesh,1462219440
 Bhavesh,1462221585
 Darsh,1462220643
Akshat,1462220717
 Darsh,1462222026
 Darsh,1462218661
Akshat,1462219059
Akshat,1462219044
 Bhavesh,1462221103
 Darsh,1462218611
 Bhavesh,1462224381
 Bhavesh,1462219606
Akshat,1462223838
 Darsh,1462220808
 Bhavesh,1462223481
Akshat,1462220046
Chaitanya,1462221900
 Bhavesh,1462220816
Chaitanya,1462219833
Akshat,1462224390
Akshat,1462222058
Chaitanya,1462221584
 Bhavesh,1462224821
 Darsh,1462220869
Chaitanya,1462222923
 Bhavesh,1462224960
 Darsh,1462225808
Chaitanya,1462219262
 Darsh,1462226512
 Bhavesh,1462222056
Akshat,1462221828
 Darsh,1462219513
 Darsh,1462219223
 Darsh,1462219908
Akshat,1462221725
 Bhavesh,1462220367
 Bhavesh,1462218859
 Darsh,1462225258
 Bhavesh,1462219373
 Bhavesh,1462218986
 Darsh,1462223695
Chaitanya,1462224127
Akshat,1462222306
 Darsh,1462225447
 Darsh,1462219753
Chaitanya,1462219906
 Bhavesh,1462224364
Chaitanya,1462218702
 Darsh,1462225712
Chaitanya,1462224458
 Darsh,1462224454
 Bhavesh,1462225893
Akshat,1462222875
 Darsh,1462223198
 Bhavesh,1462223968
Chaitanya,1462219983
 Bhavesh,1462226016
Akshat,1462226336
Chaitanya,1462221454
 Darsh,1462226343
 Darsh,1462219034
Akshat,1462222179
Chaitanya,1462222298
Akshat,1462220865
Akshat,1462224707
Akshat,1462222169
Chaitanya,1462222854
 Bhavesh,1462218569
 Bhavesh,1462222806
Chaitanya,1462221915
 Darsh,1462221903
 Bhavesh,1462218593
Akshat,1462226166
 Bhavesh,1462220900
Akshat,1462225621
Chaitanya,1462222617
Akshat,1462224279
Akshat,1462222317
Akshat,1462225243
 Darsh,1462222166
Chaitanya,1462221293
 Darsh,1462219248
Akshat,1462225677
 Darsh,1462224092
Akshat,1462218719
Akshat,1462223175
 Darsh,1462224222
Chaitanya,1462225810
Chaitanya,1462219346
Chaitanya,1462219545
Akshat,1462223182
Akshat,1462222473
 Bhavesh,1462225995
Chaitanya,1462218926
Chaitanya,1462222545
Chaitanya,1462220401
 Darsh,1462221860
Akshat,1462220500
 Bhavesh,1462223243
Chaitanya,1462219136
Chaitanya,1462220032
Akshat,1462224022
 Darsh,1462220419
 Bhavesh,1462225891
 Bhavesh,1462218772
Akshat,1462224165
 Bhavesh,1462218553
Akshat,1462222934
Chaitanya,1462222333
Chaitanya,1462222014
Akshat,1462224962
Akshat,1462224327
 Bhavesh,1462220974
Chaitanya,1462225288
 Darsh,1462226545
 Bhavesh,1462224613
 Darsh,1462219820
Akshat,1462223445
 Darsh,1462221213
Chaitanya,1462223596
Chaitanya,1462221323
Chaitanya,1462221799
Chaitanya,1462221339
 Bhavesh,1462220203
Chaitanya,1462221749
 Darsh,1462219029
Akshat,1462226292
Chaitanya,1462218491
Chaitanya,1462220347
 Bhavesh,1462219183
Akshat,1462225908
 Darsh,1462224419
Akshat,1462218847
Chaitanya,1462225820
 Darsh,1462222663
 Darsh,1462225151
 Bhavesh,1462220872
 Bhavesh,1462220054
Akshat,1462223319
Chaitanya,1462224286
 Bhavesh,1462221509
 Bhavesh,1462224667
 Bhavesh,1462220885
Akshat,1462219658
 Darsh,1462220758
 Darsh,1462220663
 Darsh,1462222468
 Darsh,1462221182
Akshat,1462223045
Chaitanya,1462223269
Akshat,1462221986
Chaitanya,1462218974
Chaitanya,1462225344
 Bhavesh,1462225831
Chaitanya,1462224947
 Bhavesh,1462220523
Akshat,1462223931
Akshat,1462218762
 Darsh,1462223642
Akshat,1462218876
Chaitanya,1462222680
 Darsh,1462220574
 Darsh,1462224939
Akshat,1462222948
 Bhavesh,1462221403
 Bhavesh,1462226049
Akshat,1462226090
 Bhavesh,1462225577
Chaitanya,1462220544
Akshat,1462224767
 Bhavesh,1462220992
Akshat,1462222046
 Darsh,1462225164
Akshat,1462218627
Chaitanya,1462224708
 Darsh,1462222745
 Darsh,1462224798
Chaitanya,1462220889
 Darsh,1462222620
 Darsh,1462221761
Chaitanya,1462223135
Akshat,1462224349
 Bhavesh,1462225652
 Darsh,1462225582
 Darsh,1462223680
Akshat,1462223339
 Bhavesh,1462223538
 Darsh,1462218637
 Darsh,1462220786
 Darsh,1462222816
Akshat,1462225704
 Darsh,1462220394
Akshat,1462220911
Chaitanya,1462225120
Akshat,1462219383
 Darsh,1462226106
Akshat,1462224877
 Bhavesh,1462220932
Akshat,1462219249
 Darsh,1462219490
Chaitanya,1462223743
Chaitanya,1462222762
Chaitanya,1462225776
Akshat,1462226455
 Bhavesh,1462219875
 Bhavesh,1462224177
 Bhavesh,1462220626
 Bhavesh,1462222078
Chaitanya,1462220915
 Bhavesh,1462218967
 Darsh,1462219897
Chaitanya,1462221792
Chaitanya,1462226129
Akshat,1462225765
 Darsh,1462222457
Chaitanya,1462220074
 Darsh,1462225706
 Bhavesh,1462219834
Akshat,1462219332
Akshat,1462221099
 Darsh,1462226270
 Bhavesh,1462223626
 Darsh,1462219555
 Darsh,1462222812
 Darsh,1462222512
Akshat,1462223852
 Darsh,1462218978
Akshat,1462221288
Akshat,1462219455
 Darsh,1462221292
 Bhavesh,1462225037
 Darsh,1462224316
Chaitanya,1462224307
 Darsh,1462222278
 Bhavesh,1462220944
 Darsh,1462220812
Akshat,1462218639
Akshat,1462221620
Akshat,1462222814
 Darsh,1462220344
Akshat,1462220868
Akshat,1462223390
 Bhavesh,1462220228
 Bhavesh,1462223514
Akshat,1462221074
Akshat,1462226009
Akshat,1462218650
Akshat,1462225452
Akshat,1462225234
 Darsh,1462223993
Chaitanya,1462220734
Chaitanya,1462225590
Akshat,1462222180
Akshat,1462226265
 Darsh,1462222152
Akshat,1462224355
 Darsh,1462220343
 Bhavesh,1462224479
 Bhavesh,1462220507
Chaitanya,1462223391
Chaitanya,1462221275
 Darsh,1462219259
Akshat,1462224083
 Bhavesh,1462220275
Akshat,1462223947
Akshat,1462220989
 Darsh,1462225174
 Darsh,1462225665
Akshat,1462220322
Akshat,1462224564
Akshat,1462222323
Akshat,1462221569
 Darsh,1462219832
 Darsh,1462225486
 Darsh,1462221592
 Bhavesh,1462219347
Chaitanya,1462223250
Akshat,1462220201
 Darsh,1462218654
 Darsh,1462224100
Akshat,1462219238
Chaitanya,1462226251
 Bhavesh,1462226261
Akshat,1462222227
 Bhavesh,1462225640
 Bhavesh,1462221258
Chaitanya,1462220671
