ID,Segmentation
1462224759,Akshat
1462220081,Akshat
1462226086,Bhavesh
1462224440,Darsh
1462222905,Bhavesh
1462222945,Chaitanya
1462225012,Akshat
1462223210,Akshat
1462220031,Chaitanya
1462220059,Chaitanya
1462221861,Darsh
1462224995,Bhavesh
1462224765,Chaitanya
1462221668,Chaitanya
1462218524,Akshat
1462222429,Darsh
1462220304,Akshat
1462225666,Akshat
1462218765,Darsh
1462225865,Akshat
1462222980,Akshat
1462225252,Chaitanya
1462226469,Akshat
1462219426,Bhavesh
1462222891,Akshat
1462225929,Chaitanya
1462218566,Akshat
1462221768,Akshat
1462219042,Chaitanya
1462221439,Chaitanya
1462219157,Darsh
1462218616,Darsh
1462224576,Chaitanya
1462222151,Bhavesh
1462221994,Darsh
1462222143,Chaitanya
1462224733,Bhavesh
1462219661,Bhavesh
1462219583,Chaitanya
1462223724,Darsh
1462222488,Darsh
1462218483,Darsh
1462225005,Bhavesh
1462222700,Chaitanya
1462218725,Akshat
1462221145,Akshat
1462225561,Bhavesh
1462219430,Darsh
1462226410,Akshat
1462220909,Akshat
1462222162,Bhavesh
1462219449,Chaitanya
1462226241,Darsh
1462222664,Bhavesh
1462219693,Akshat
1462223259,Akshat
1462219639,Chaitanya
1462220466,Akshat
1462219074,Bhavesh
1462219258,Chaitanya
1462223148,Darsh
1462226510,Darsh
1462219003,Darsh
1462223534,Darsh
1462222883,Darsh
1462221306,Bhavesh
1462222898,Darsh
1462226232,Akshat
1462220818,Bhavesh
1462225784,Chaitanya
1462219304,Chaitanya
1462224379,Darsh
1462222492,Bhavesh
1462223453,Darsh
1462225345,Darsh
1462225850,Chaitanya
1462223367,Darsh
1462220487,Darsh
1462224393,Bhavesh
1462222587,Akshat
1462223273,Bhavesh
1462223384,Chaitanya
1462218975,Darsh
1462219427,Darsh
1462221618,Darsh
1462219745,Darsh
1462219425,Bhavesh
1462221611,Chaitanya
1462218701,Darsh
1462221639,Darsh
1462224722,Bhavesh
1462223104,Bhavesh
1462221791,Darsh
1462220264,Chaitanya
1462219838,Darsh
1462225531,Akshat
1462220822,Bhavesh
1462225595,Darsh
1462226325,Akshat
1462226307,Bhavesh
1462224117,Darsh
1462222933,Chaitanya
1462223490,Bhavesh
1462226399,Akshat
1462219237,Darsh
1462223112,Darsh
1462221980,Chaitanya
1462221153,Darsh
1462222766,Bhavesh
1462225363,Bhavesh
1462225404,Chaitanya
1462225492,Chaitanya
1462224659,Akshat
1462221832,Darsh
1462223293,Akshat
1462222947,Bhavesh
1462222689,Akshat
1462222403,Bhavesh
1462220534,Bhavesh
1462218780,Akshat
1462220596,Bhavesh
1462224324,Akshat
1462226463,Chaitanya
1462222314,Akshat
1462219448,Akshat
1462220980,Akshat
1462220365,Chaitanya
1462224078,Bhavesh
1462218710,Darsh
1462224034,Akshat
1462224240,Bhavesh
1462225030,Chaitanya
1462224154,Bhavesh
1462220067,Darsh
1462222995,Akshat
1462225672,Darsh
1462218699,Chaitanya
1462221217,Darsh
1462220810,Bhavesh
1462221156,Akshat
1462219830,Akshat
1462225465,Akshat
1462222406,Darsh
1462218881,Akshat
1462225083,Darsh
1462221551,Akshat
1462226367,Darsh
1462223369,Bhavesh
1462224467,Darsh
1462221996,Darsh
1462220843,Darsh
1462221005,Bhavesh
1462218941,Darsh
1462220879,Akshat
1462220320,Bhavesh
1462225183,Darsh
1462221712,Bhavesh
1462224330,Bhavesh
1462221528,Darsh
1462223693,Chaitanya
1462223822,Akshat
1462220998,Akshat
1462219723,Chaitanya
1462225888,Akshat
1462220730,Darsh
1462220877,Darsh
1462225727,Darsh
1462225735,Bhavesh
1462225862,Chaitanya
1462218659,Bhavesh
1462224130,Chaitanya
1462224612,Chaitanya
1462226124,Bhavesh
1462221513,Chaitanya
1462224701,Bhavesh
1462220462,Darsh
1462222956,Darsh
1462226240,Bhavesh
1462225402,Akshat
1462221180,Chaitanya
1462224151,Chaitanya
1462222712,Chaitanya
1462220438,Bhavesh
1462220878,Bhavesh
1462220987,Akshat
1462224243,Darsh
1462219957,Darsh
1462225568,Bhavesh
1462222107,Chaitanya
1462222482,Chaitanya
1462219040,Darsh
1462221781,Akshat
1462226549,Darsh
1462219708,Chaitanya
1462220697,Akshat
1462225251,Chaitanya
1462221448,Chaitanya
1462220814,Chaitanya
1462225732,Chaitanya
1462221038,Chaitanya
1462224966,Bhavesh
1462221810,Akshat
1462221264,Bhavesh
1462218698,Chaitanya
1462225060,Chaitanya
1462220174,Chaitanya
1462225033,Chaitanya
1462223790,Darsh
1462224617,Chaitanya
1462219624,Bhavesh
1462222233,Chaitanya
1462223773,Darsh
1462218853,Chaitanya
1462224235,Akshat
1462218557,Bhavesh
1462221626,Chaitanya
1462221393,Akshat
1462221066,Akshat
1462219769,Chaitanya
1462224062,Chaitanya
1462223867,Akshat
1462218769,Bhavesh
1462219315,Darsh
1462221571,Darsh
1462224160,Bhavesh
1462219861,Bhavesh
1462222093,Darsh
1462220420,Chaitanya
1462221336,Bhavesh
1462220171,Akshat
1462225751,Akshat
1462223803,Bhavesh
1462223225,Bhavesh
1462219149,Chaitanya
1462221589,Chaitanya
1462225715,Bhavesh
1462225021,Akshat
1462225129,Chaitanya
1462222981,Akshat
1462224317,Chaitanya
1462225093,Bhavesh
1462218724,Bhavesh
1462225747,Bhavesh
1462224593,Akshat
1462221660,Chaitanya
1462224573,Bhavesh
1462218644,Chaitanya
1462225679,Akshat
1462221570,Bhavesh
1462226301,Chaitanya
1462222985,Chaitanya
1462221667,Darsh
1462219155,Bhavesh
1462219574,Akshat
1462221728,Bhavesh
1462219556,Akshat
1462223249,Chaitanya
1462222454,Darsh
1462221701,Bhavesh
1462223766,Bhavesh
1462222540,Chaitanya
1462223798,Darsh
1462219125,Darsh
1462221921,Darsh
1462223841,Chaitanya
1462220768,Chaitanya
1462226227,Darsh
1462221046,Bhavesh
1462224326,Akshat
1462223187,Akshat
1462221335,Akshat
1462219420,Bhavesh
1462222603,Darsh
1462224717,Darsh
1462218796,Akshat
1462222722,Darsh
1462219321,Darsh
1462226197,Chaitanya
1462223263,Akshat
1462219459,Bhavesh
1462224186,Akshat
1462223136,Bhavesh
1462222140,Bhavesh
1462221152,Akshat
1462225365,Darsh
1462220520,Akshat
1462222476,Darsh
1462225502,Bhavesh
1462226323,Chaitanya
1462220757,Chaitanya
1462223018,Akshat
1462218826,Chaitanya
1462221347,Akshat
1462220447,Chaitanya
1462219209,Bhavesh
1462223585,Akshat
1462225654,Bhavesh
1462222856,Akshat
1462225898,Chaitanya
1462225725,Akshat
1462222631,Darsh
1462220000,Darsh
1462219628,Darsh
1462222063,Darsh
1462218518,Darsh
1462220571,Darsh
1462220141,Chaitanya
1462221923,Chaitanya
1462219903,Bhavesh
1462221875,Bhavesh
1462222390,Akshat
1462221548,Darsh
1462223024,Bhavesh
1462220724,Akshat
1462220506,Akshat
1462222534,Darsh
1462222589,Darsh
1462221816,Akshat
1462222693,Akshat
1462223127,Darsh
1462222379,Darsh
1462220610,Darsh
1462225440,Bhavesh
1462225136,Bhavesh
1462223655,Darsh
1462225015,Akshat
1462219147,Chaitanya
1462220632,Chaitanya
1462223933,Darsh
1462223566,Darsh
1462218532,Darsh
1462220476,Bhavesh
1462224315,Bhavesh
1462219067,Chaitanya
1462225644,Bhavesh
1462220874,Bhavesh
1462221402,Akshat
1462226473,Chaitanya
1462223307,Chaitanya
1462218547,Chaitanya
1462223835,Bhavesh
1462226170,Chaitanya
1462221078,Bhavesh
1462225470,Chaitanya
1462224732,Akshat
1462218495,Bhavesh
1462221437,Bhavesh
1462225483,Darsh
1462219901,Bhavesh
1462224602,Akshat
1462224773,Bhavesh
1462218536,Akshat
1462219388,Bhavesh
1462220222,Darsh
1462223358,Chaitanya
1462220089,Darsh
1462223195,Akshat
1462226306,Akshat
1462225277,Akshat
1462221237,Bhavesh
1462220564,Bhavesh
1462224491,Darsh
1462220197,Bhavesh
1462223522,Darsh
1462225052,Akshat
1462223941,Chaitanya
1462219143,Chaitanya
1462225384,Darsh
1462224509,Bhavesh
1462223640,Akshat
1462221651,Akshat
1462220572,Bhavesh
1462223614,Darsh
1462225071,Akshat
1462225198,Akshat
1462221358,Chaitanya
1462222322,Chaitanya
1462226547,Bhavesh
1462225017,Bhavesh
1462225796,Darsh
1462219613,Chaitanya
1462225809,Darsh
1462221685,Chaitanya
1462223416,Akshat
1462221494,Akshat
1462219761,Darsh
1462220126,Akshat
1462223691,Akshat
1462226110,Bhavesh
1462219310,Darsh
1462224695,Chaitanya
1462224482,Darsh
1462221908,Akshat
1462226321,Bhavesh
1462223827,Bhavesh
1462219047,Akshat
1462220513,Darsh
1462223086,Akshat
1462219028,Bhavesh
1462220847,Darsh
1462218972,Chaitanya
1462221800,Akshat
1462226179,Darsh
1462224103,Darsh
1462226341,Bhavesh
1462222647,Akshat
1462225797,Chaitanya
1462220124,Akshat
1462219727,Darsh
1462219786,Darsh
1462221931,Chaitanya
1462224256,Darsh
1462225092,Darsh
1462222780,Akshat
1462225592,Darsh
1462222055,Darsh
1462220463,Chaitanya
1462223562,Akshat
1462220255,Akshat
1462223424,Akshat
1462218833,Darsh
1462224826,Bhavesh
1462225584,Akshat
1462224369,Bhavesh
1462224407,Darsh
1462225246,Akshat
1462221874,Chaitanya
1462225318,Chaitanya
1462219444,Akshat
1462218738,Darsh
1462220797,Chaitanya
1462220601,Bhavesh
1462221808,Bhavesh
1462221269,Bhavesh
1462221097,Darsh
1462218908,Darsh
1462218992,Bhavesh
1462224828,Chaitanya
1462226275,Bhavesh
1462224424,Chaitanya
1462219647,Bhavesh
1462223328,Akshat
1462225980,Bhavesh
1462223008,Chaitanya
1462223997,Chaitanya
1462218862,Bhavesh
1462219535,Chaitanya
1462220429,Bhavesh
1462224671,Chaitanya
1462218838,Akshat
1462219883,Bhavesh
1462223224,Darsh
1462223275,Chaitanya
1462225993,Bhavesh
1462221741,Akshat
1462221970,Darsh
1462221826,Bhavesh
1462220904,Darsh
1462220839,Chaitanya
1462218562,Akshat
1462225173,Chaitanya
1462218711,Darsh
1462218819,Chaitanya
1462222135,Darsh
1462222096,Akshat
1462222325,Akshat
1462226448,Bhavesh
1462223026,Bhavesh
1462221997,Chaitanya
1462219657,Akshat
1462222669,Akshat
1462222437,Darsh
1462221815,Darsh
1462218647,Darsh
1462220452,Chaitanya
1462224783,Akshat
1462224058,Bhavesh
1462221084,Bhavesh
1462219677,Chaitanya
1462220555,Bhavesh
1462221312,Bhavesh
1462222937,Darsh
1462224147,Bhavesh
1462221579,Akshat
1462221775,Bhavesh
1462219454,Darsh
1462223727,Akshat
1462222742,Chaitanya
1462221137,Darsh
1462223485,Chaitanya
1462222528,Akshat
1462220302,Bhavesh
1462220019,Darsh
1462226385,Bhavesh
1462218636,Darsh
1462218855,Darsh
1462225186,Darsh
1462223531,Akshat
1462226405,Darsh
1462220137,Akshat
1462219817,Akshat
1462219097,Darsh
1462225859,Akshat
1462224809,Bhavesh
1462220249,Akshat
1462221510,Chaitanya
1462222571,Bhavesh
1462222228,Bhavesh
1462224554,Chaitanya
1462221413,Chaitanya
1462221012,Chaitanya
1462220548,Darsh
1462220883,Bhavesh
1462221966,Bhavesh
1462221374,Akshat
1462220957,Chaitanya
1462220296,Chaitanya
1462219184,Darsh
1462226171,Bhavesh
1462225446,Darsh
1462220011,Chaitanya
1462226112,Darsh
1462224096,Akshat
1462225094,Akshat
1462225253,Chaitanya
1462222777,Chaitanya
1462224700,Akshat
1462219112,Darsh
1462218653,Darsh
1462224262,Bhavesh
1462224672,Bhavesh
1462222501,Darsh
1462223436,Akshat
1462222548,Bhavesh
1462222783,Chaitanya
1462224093,Chaitanya
1462225636,Darsh
1462218534,Akshat
1462221824,Bhavesh
1462224236,Bhavesh
1462225868,Bhavesh
1462221225,Bhavesh
1462224728,Chaitanya
1462223472,Akshat
1462223264,Darsh
1462222729,Chaitanya
1462220616,Bhavesh
1462225038,Akshat
1462218672,Akshat
1462220903,Chaitanya
1462224284,Akshat
1462220858,Chaitanya
1462224843,Bhavesh
1462223203,Bhavesh
1462222890,Darsh
1462222961,Darsh
1462220361,Akshat
1462225959,Chaitanya
1462221299,Chaitanya
1462226136,Bhavesh
1462225441,Chaitanya
1462223407,Bhavesh
1462218744,Darsh
1462219228,Akshat
1462220104,Akshat
1462222068,Darsh
1462225648,Darsh
1462226542,Akshat
1462222849,Chaitanya
1462224578,Chaitanya
1462223389,Chaitanya
1462223129,Darsh
1462220112,Darsh
1462223420,Chaitanya
1462223740,Darsh
1462222752,Darsh
1462225741,Bhavesh
1462221549,Darsh
1462223603,Bhavesh
1462222915,Akshat
1462222808,Darsh
1462223506,Darsh
1462220628,Bhavesh
1462224900,Darsh
1462224885,Bhavesh
1462225830,Chaitanya
1462224423,Akshat
1462224675,Akshat
1462224432,Akshat
1462222004,Bhavesh
1462223604,Akshat
1462222834,Bhavesh
1462220983,Chaitanya
1462224422,Bhavesh
1462220595,Chaitanya
1462224174,Darsh
1462224949,Darsh
1462220743,Darsh
1462220242,Darsh
1462220445,Akshat
1462220421,Darsh
1462221710,Akshat
1462226092,Bhavesh
1462221026,Darsh
1462219175,Chaitanya
1462223181,Bhavesh
1462219123,Chaitanya
1462221969,Bhavesh
1462226072,Darsh
1462225263,Chaitanya
1462225322,Akshat
1462223956,Akshat
1462219746,Darsh
1462221221,Bhavesh
1462218849,Akshat
1462223983,Akshat
1462220967,Chaitanya
1462224790,Chaitanya
1462223745,Akshat
1462218733,Bhavesh
1462224373,Darsh
1462224608,Akshat
1462222896,Chaitanya
1462218602,Akshat
1462225707,Darsh
1462225516,Darsh
1462219923,Bhavesh
1462220154,Darsh
1462223320,Darsh
1462223699,Darsh
1462222767,Akshat
1462220351,Darsh
1462219793,Akshat
1462224449,Darsh
1462224070,Akshat
1462225087,Darsh
1462222989,Akshat
1462224189,Darsh
1462223431,Bhavesh
1462219997,Chaitanya
1462223703,Akshat
1462219893,Bhavesh
1462221535,Darsh
1462221085,Darsh
1462224226,Akshat
1462220448,Bhavesh
1462223164,Chaitanya
1462224382,Bhavesh
1462220691,Chaitanya
1462224218,Chaitanya
1462219107,Darsh
1462220793,Akshat
1462223417,Bhavesh
1462221940,Chaitanya
1462220748,Bhavesh
1462219458,Chaitanya
1462220802,Akshat
1462224875,Akshat
1462223652,Chaitanya
1462221886,Darsh
1462221164,Akshat
1462220907,Darsh
1462219193,Bhavesh
1462219465,Akshat
1462220668,Darsh
1462226370,Akshat
1462223318,Darsh
1462218748,Bhavesh
1462223515,Akshat
1462222821,Bhavesh
1462220385,Akshat
1462219442,Chaitanya
1462220029,Bhavesh
1462223061,Darsh
1462220243,Chaitanya
1462225723,Darsh
1462220790,Bhavesh
1462226176,Akshat
1462224457,Darsh
1462225082,Chaitanya
1462220464,Akshat
1462223308,Akshat
1462224930,Akshat
1462225285,Akshat
1462222857,Bhavesh
1462222184,Darsh
1462225599,Akshat
1462226169,Akshat
1462220931,Chaitanya
1462226109,Chaitanya
1462222583,Darsh
1462222622,Chaitanya
1462224464,Akshat
1462223393,Akshat
1462224542,Chaitanya
1462225166,Darsh
1462221788,Akshat
1462223999,Chaitanya
1462219187,Chaitanya
1462219121,Bhavesh
1462225103,Bhavesh
1462221018,Akshat
1462218786,Darsh
1462218950,Chaitanya
1462219349,Bhavesh
1462223647,Darsh
1462220439,Akshat
1462223118,Bhavesh
1462220567,Chaitanya
1462221059,Bhavesh
1462222036,Bhavesh
1462223760,Darsh
1462220611,Darsh
1462225499,Bhavesh
1462226344,Darsh
1462223830,Akshat
1462220235,Akshat
1462224114,Akshat
1462222939,Chaitanya
1462224299,Akshat
1462219970,Bhavesh
1462224374,Darsh
1462225468,Akshat
1462225628,Chaitanya
1462219174,Darsh
1462224139,Akshat
1462224105,Bhavesh
1462226020,Darsh
1462225759,Bhavesh
1462218623,Akshat
1462219340,Darsh
1462221226,Darsh
1462223791,Chaitanya
1462226450,Darsh
1462219137,Bhavesh
1462225570,Darsh
1462223762,Akshat
1462226288,Bhavesh
1462220815,Chaitanya
1462225022,Bhavesh
1462222872,Akshat
1462225317,Akshat
1462221118,Bhavesh
1462223327,Bhavesh
1462223282,Darsh
1462220781,Akshat
1462226133,Darsh
1462224033,Bhavesh
1462220084,Darsh
1462221726,Akshat
1462220789,Bhavesh
1462222232,Chaitanya
1462219533,Akshat
1462219483,Chaitanya
1462221136,Bhavesh
1462223034,Chaitanya
1462218597,Akshat
1462222285,Bhavesh
1462226483,Akshat
1462224587,Bhavesh
1462221104,Bhavesh
1462223903,Chaitanya
1462219898,Chaitanya
1462222416,Chaitanya
1462219645,Akshat
1462221311,Akshat
1462221282,Chaitanya
1462224571,Darsh
1462225145,Darsh
1462221087,Chaitanya
1462221758,Darsh
1462226487,Chaitanya
1462219668,Darsh
1462223322,Akshat
1462223031,Akshat
1462221871,Chaitanya
1462219591,Bhavesh
1462218896,Darsh
1462225424,Akshat
1462218825,Chaitanya
1462218879,Darsh
1462220964,Chaitanya
1462222197,Chaitanya
1462219421,Bhavesh
1462220140,Bhavesh
1462220189,Darsh
1462220893,Bhavesh
1462225983,Chaitanya
1462223512,Bhavesh
1462219084,Bhavesh
1462222019,Darsh
1462225572,Darsh
1462223495,Akshat
1462226406,Akshat
1462225035,Chaitanya
1462219993,Chaitanya
1462224805,Darsh
1462218570,Chaitanya
1462218795,Akshat
1462221598,Chaitanya
1462225804,Chaitanya
1462221497,Darsh
1462222958,Darsh
1462225972,Bhavesh
1462223523,Chaitanya
1462225376,Chaitanya
1462225477,Akshat
1462222514,Bhavesh
1462222657,Akshat
1462220161,Bhavesh
1462224408,Darsh
1462218641,Akshat
1462222781,Darsh
1462223087,Bhavesh
1462220097,Bhavesh
1462219589,Akshat
1462225949,Darsh
1462224568,Bhavesh
1462221416,Chaitanya
1462219823,Akshat
1462219005,Darsh
1462223730,Chaitanya
1462219323,Darsh
1462226548,Darsh
1462224331,Chaitanya
1462224391,Akshat
1462218965,Bhavesh
1462219132,Bhavesh
1462224075,Chaitanya
1462223910,Darsh
1462221890,Chaitanya
1462222581,Chaitanya
1462223622,Akshat
1462224288,Darsh
1462224077,Chaitanya
1462221936,Bhavesh
1462219317,Akshat
1462224277,Darsh
1462223681,Bhavesh
1462224594,Akshat
1462224591,Akshat
1462226493,Chaitanya
1462225773,Akshat
1462220552,Akshat
1462223807,Chaitanya
1462223056,Darsh
1462219214,Bhavesh
1462221731,Chaitanya
1462223498,Akshat
1462224726,Bhavesh
1462220350,Chaitanya
1462221552,Bhavesh
1462221760,Chaitanya
1462220314,Bhavesh
1462223152,Darsh
1462224710,Chaitanya
1462221593,Bhavesh
1462224735,Chaitanya
1462225460,Chaitanya
1462221688,Bhavesh
1462220341,Darsh
1462222659,Bhavesh
1462222037,Chaitanya
1462223979,Darsh
1462224656,Akshat
1462225627,Darsh
1462226394,Chaitanya
1462224486,Akshat
1462219504,Darsh
1462219462,Darsh
1462226002,Akshat
1462225390,Darsh
1462219713,Akshat
1462225089,Darsh
1462219735,Bhavesh
1462226193,Darsh
1462220143,Bhavesh
1462225152,Darsh
1462225352,Bhavesh
1462222879,Darsh
1462225351,Darsh
1462222964,Chaitanya
1462224136,Darsh
1462226022,Akshat
1462225491,Bhavesh
1462223244,Akshat
1462224922,Darsh
1462221091,Akshat
1462220103,Darsh
1462224433,Darsh
1462221031,Akshat
1462222625,Akshat
1462220477,Akshat
1462224841,Bhavesh
1462220996,Bhavesh
1462226073,Chaitanya
1462224442,Chaitanya
1462224498,Chaitanya
1462223949,Akshat
1462222222,Bhavesh
1462219417,Darsh
1462220311,Bhavesh
1462221176,Bhavesh
1462224210,Akshat
1462224689,Bhavesh
1462220918,Bhavesh
1462219387,Akshat
1462221158,Chaitanya
1462221691,Akshat
1462226239,Bhavesh
1462226523,Bhavesh
1462218732,Akshat
1462219221,Bhavesh
1462219163,Bhavesh
1462225696,Darsh
1462219509,Akshat
1462221398,Bhavesh
1462224371,Bhavesh
1462226489,Akshat
1462224017,Chaitanya
1462225733,Bhavesh
1462226108,Akshat
1462220912,Bhavesh
1462225587,Chaitanya
1462219728,Darsh
1462223193,Bhavesh
1462224731,Akshat
1462225629,Bhavesh
1462225389,Bhavesh
1462223869,Chaitanya
1462220324,Chaitanya
1462219224,Akshat
1462223897,Akshat
1462221948,Bhavesh
1462223517,Darsh
1462224646,Bhavesh
1462219325,Chaitanya
1462223351,Bhavesh
1462219066,Darsh
1462220761,Darsh
1462225670,Akshat
1462223251,Chaitanya
1462223792,Darsh
1462226362,Darsh
1462220446,Akshat
1462218811,Bhavesh
1462225718,Chaitanya
1462224991,Chaitanya
1462220075,Akshat
1462220532,Darsh
1462222216,Bhavesh
1462226003,Darsh
1462225845,Bhavesh
1462221383,Akshat
1462225437,Akshat
1462219299,Bhavesh
1462223217,Chaitanya
1462221424,Bhavesh
1462225631,Bhavesh
1462225662,Bhavesh
1462226526,Darsh
1462225598,Chaitanya
1462224443,Bhavesh
1462226223,Akshat
1462221149,Chaitanya
1462224621,Akshat
1462220407,Chaitanya
1462221396,Chaitanya
1462226333,Akshat
1462222472,Darsh
1462224156,Akshat
1462219862,Bhavesh
1462219482,Chaitanya
1462219054,Bhavesh
1462219226,Darsh
1462225366,Chaitanya
1462223040,Chaitanya
1462225719,Darsh
1462223133,Darsh
1462221248,Bhavesh
1462222738,Darsh
1462226282,Chaitanya
1462223843,Akshat
1462222121,Darsh
1462221028,Darsh
1462220955,Akshat
1462220281,Akshat
1462223425,Chaitanya
1462219635,Darsh
1462222131,Darsh
1462219294,Chaitanya
1462219987,Akshat
1462224861,Darsh
1462222480,Akshat
1462220941,Bhavesh
1462222411,Darsh
1462223350,Chaitanya
1462219798,Chaitanya
1462221457,Bhavesh
1462222715,Chaitanya
1462222527,Akshat
1462224696,Bhavesh
1462220924,Akshat
1462225313,Darsh
1462225910,Akshat
1462223331,Darsh
1462225948,Chaitanya
1462225113,Akshat
1462220762,Chaitanya
1462219756,Bhavesh
1462225254,Bhavesh
1462222621,Akshat
1462219600,Bhavesh
1462220277,Darsh
1462222047,Bhavesh
1462224712,Chaitanya
1462222955,Akshat
1462226363,Akshat
1462222604,Chaitanya
1462219300,Bhavesh
1462221601,Chaitanya
1462223720,Bhavesh
1462220260,Akshat
1462218734,Darsh
1462220706,Darsh
1462222194,Darsh
1462225438,Bhavesh
1462226214,Chaitanya
1462219979,Darsh
1462220118,Bhavesh
1462223749,Akshat
1462219920,Darsh
1462223688,Chaitanya
1462219616,Darsh
1462225969,Darsh
1462224582,Darsh
1462221044,Darsh
1462224272,Bhavesh
1462219517,Darsh
1462218643,Akshat
1462224917,Akshat
1462222575,Akshat
1462223530,Chaitanya
1462225309,Chaitanya
1462225607,Akshat
1462222342,Akshat
1462226255,Darsh
1462219884,Darsh
1462220480,Akshat
1462224471,Chaitanya
1462224842,Chaitanya
1462226069,Darsh
1462224029,Darsh
1462218909,Chaitanya
1462222852,Bhavesh
1462225889,Akshat
1462225098,Chaitanya
1462223982,Akshat
1462223326,Chaitanya
1462219217,Akshat
1462219456,Darsh
1462221016,Darsh
1462222436,Darsh
1462222596,Bhavesh
1462224727,Darsh
1462226173,Chaitanya
1462222282,Chaitanya
1462218575,Chaitanya
1462220412,Akshat
1462222160,Chaitanya
1462222977,Chaitanya
1462220383,Bhavesh
1462221247,Akshat
1462226245,Darsh
1462225958,Akshat
1462220845,Bhavesh
1462219331,Darsh
1462224138,Chaitanya
1462223394,Akshat
1462225721,Darsh
1462223285,Akshat
1462222580,Akshat
1462219888,Akshat
1462223832,Chaitanya
1462224173,Darsh
1462221143,Akshat
1462220150,Darsh
1462221672,Akshat
1462220794,Chaitanya
1462219013,Bhavesh
1462221801,Akshat
1462224108,Akshat
1462219333,Chaitanya
1462225514,Chaitanya
1462222876,Chaitanya
1462221707,Darsh
1462221438,Akshat
1462221621,Bhavesh
1462221108,Bhavesh
1462220300,Bhavesh
1462219493,Darsh
1462218633,Akshat
1462223460,Chaitanya
1462224087,Chaitanya
1462223771,Akshat
1462221277,Bhavesh
1462220481,Darsh
1462225863,Akshat
1462221102,Bhavesh
1462222475,Bhavesh
1462219911,Chaitanya
1462223651,Bhavesh
1462219612,Bhavesh
1462225918,Bhavesh
1462221209,Akshat
1462225638,Darsh
1462220948,Akshat
1462221847,Bhavesh
1462224557,Chaitanya
1462223951,Chaitanya
1462224216,Akshat
1462223349,Chaitanya
1462221200,Darsh
1462221476,Darsh
1462221361,Akshat
1462219722,Akshat
1462222455,Bhavesh
1462225485,Darsh
1462222797,Akshat
1462219061,Darsh
1462219809,Bhavesh
1462218600,Darsh
1462219937,Chaitanya
1462219100,Darsh
1462219718,Bhavesh
1462223817,Chaitanya
1462219590,Chaitanya
1462223904,Darsh
1462221637,Akshat
1462224993,Akshat
1462219505,Chaitanya
1462222039,Bhavesh
1462218526,Akshat
1462219528,Bhavesh
1462218843,Chaitanya
1462225387,Darsh
1462219750,Darsh
1462219413,Chaitanya
1462225075,Akshat
1462218549,Akshat
1462223457,Darsh
1462218877,Darsh
1462223616,Darsh
1462222296,Bhavesh
1462218667,Darsh
1462218872,Darsh
1462223091,Akshat
1462218556,Akshat
1462226310,Akshat
1462220012,Akshat
1462219093,Darsh
1462225999,Darsh
1462225427,Bhavesh
1462226351,Akshat
1462220977,Akshat
1462224534,Darsh
1462225519,Akshat
1462225589,Chaitanya
1462222676,Darsh
1462225957,Darsh
1462218800,Bhavesh
1462218590,Chaitanya
1462222003,Bhavesh
1462222097,Chaitanya
1462219133,Akshat
1462220806,Darsh
1462226497,Chaitanya
1462219114,Darsh
1462220612,Akshat
1462221525,Bhavesh
1462225042,Darsh
1462219234,Akshat
1462222095,Bhavesh
1462224050,Chaitanya
1462225748,Akshat
1462220988,Darsh
1462220403,Darsh
1462222917,Chaitanya
1462222471,Darsh
1462222912,Chaitanya
1462224076,Akshat
1462219578,Chaitanya
1462220023,Chaitanya
1462221732,Akshat
1462220972,Chaitanya
1462220356,Darsh
1462225930,Akshat
1462226407,Darsh
1462219316,Chaitanya
1462225726,Darsh
1462223541,Chaitanya
1462223828,Akshat
1462222362,Darsh
1462223289,Akshat
1462226359,Bhavesh
1462219588,Darsh
1462223271,Darsh
1462225223,Bhavesh
1462221893,Bhavesh
1462225557,Chaitanya
1462225896,Darsh
1462226242,Darsh
1462219944,Akshat
1462225140,Darsh
1462223579,Darsh
1462218546,Bhavesh
1462223667,Darsh
1462219516,Akshat
1462219879,Akshat
1462224506,Akshat
1462218990,Akshat
1462222642,Bhavesh
1462218492,Chaitanya
1462224616,Bhavesh
1462219844,Darsh
1462222289,Chaitanya
1462223254,Akshat
1462224469,Akshat
1462225335,Akshat
1462225742,Chaitanya
1462221615,Akshat
1462225391,Chaitanya
1462224258,Darsh
1462220692,Akshat
1462226506,Akshat
1462220048,Bhavesh
1462225549,Bhavesh
1462223366,Akshat
1462225697,Bhavesh
1462224950,Chaitanya
1462219370,Akshat
1462223068,Darsh
1462219350,Bhavesh
1462224431,Chaitanya
1462223528,Chaitanya
1462221872,Chaitanya
1462223648,Akshat
1462222299,Bhavesh
1462219926,Chaitanya
1462219666,Bhavesh
1462224490,Chaitanya
1462218514,Akshat
1462221319,Akshat
1462221934,Bhavesh
1462223721,Akshat
1462220329,Chaitanya
1462221883,Chaitanya
1462220316,Chaitanya
1462219596,Darsh
1462222618,Darsh
1462220426,Darsh
1462222176,Bhavesh
1462219952,Chaitanya
1462222396,Akshat
1462220494,Akshat
1462222086,Chaitanya
1462219676,Chaitanya
1462221131,Bhavesh
1462225213,Darsh
1462223574,Akshat
1462222211,Akshat
1462225605,Bhavesh
1462224219,Bhavesh
1462225603,Akshat
1462220882,Bhavesh
1462224547,Bhavesh
1462224601,Chaitanya
1462224006,Darsh
1462226017,Darsh
1462224533,Chaitanya
1462221821,Chaitanya
1462224322,Chaitanya
1462223989,Darsh
1462223602,Akshat
1462221062,Darsh
1462224523,Chaitanya
1462220486,Darsh
1462220615,Chaitanya
1462221673,Bhavesh
1462219437,Chaitanya
1462219153,Chaitanya
1462220938,Akshat
1462222913,Darsh
1462222338,Bhavesh
1462220381,Akshat
1462221546,Chaitanya
1462222695,Akshat
1462224879,Bhavesh
1462224738,Bhavesh
1462226084,Chaitanya
1462222266,Darsh
1462219789,Bhavesh
1462225534,Darsh
1462223560,Chaitanya
1462223937,Akshat
1462224252,Chaitanya
1462221964,Darsh
1462221715,Bhavesh
1462223027,Darsh
1462222305,Akshat
1462222728,Darsh
1462222861,Darsh
1462224499,Bhavesh
1462221240,Chaitanya
1462222822,Bhavesh
1462224137,Akshat
1462225324,Darsh
1462222696,Darsh
1462223356,Bhavesh
1462226224,Chaitanya
1462218778,Darsh
1462219988,Akshat
1462224982,Chaitanya
1462222275,Chaitanya
1462223953,Chaitanya
1462222818,Bhavesh
1462223769,Chaitanya
1462225111,Akshat
1462224810,Darsh
1462226416,Bhavesh
1462224863,Akshat
1462221998,Bhavesh
1462222209,Chaitanya
1462224677,Bhavesh
1462220267,Bhavesh
1462224549,Akshat
1462220838,Bhavesh
1462225919,Bhavesh
1462218666,Akshat
1462223896,Darsh
1462225221,Darsh
1462225489,Bhavesh
1462223611,Bhavesh
1462221933,Darsh
1462226034,Akshat
1462221656,Bhavesh
1462220051,Darsh
1462221422,Bhavesh
1462221555,Chaitanya
1462224893,Akshat
1462221070,Bhavesh
1462219307,Chaitanya
1462219900,Bhavesh
1462223058,Chaitanya
1462225482,Darsh
1462225144,Akshat
1462226330,Akshat
1462225885,Chaitanya
1462220374,Akshat
1462220695,Akshat
1462224380,Akshat
1462219508,Akshat
1462221782,Akshat
1462220649,Chaitanya
1462221753,Chaitanya
1462219984,Chaitanya
1462226259,Akshat
1462223899,Bhavesh
1462218651,Bhavesh
1462221690,Bhavesh
1462225284,Akshat
1462222983,Bhavesh
1462220073,Darsh
1462225295,Chaitanya
1462220058,Bhavesh
1462219411,Bhavesh
1462222067,Darsh
1462219748,Chaitanya
1462226187,Akshat
1462218482,Darsh
1462222077,Bhavesh
1462226250,Bhavesh
1462222155,Akshat
1462226105,Darsh
1462224047,Bhavesh
1462224152,Chaitanya
1462224470,Bhavesh
1462221462,Darsh
1462224518,Akshat
1462219593,Bhavesh
1462225573,Chaitanya
1462221244,Bhavesh
1462219815,Darsh
1462218510,Chaitanya
1462221351,Darsh
1462223617,Akshat
1462225061,Darsh
1462223729,Darsh
1462218885,Chaitanya
1462220083,Chaitanya
1462223533,Bhavesh
1462224504,Darsh
1462225423,Akshat
1462218791,Chaitanya
1462219152,Akshat
1462221298,Darsh
1462219216,Chaitanya
1462221985,Darsh
1462222188,Darsh
1462218595,Bhavesh
1462220095,Bhavesh
1462224348,Bhavesh
1462222711,Bhavesh
1462224548,Darsh
1462226331,Akshat
1462222470,Darsh
1462221864,Bhavesh
1462219279,Akshat
1462218816,Darsh
1462219095,Darsh
1462225014,Darsh
1462225282,Chaitanya
1462221625,Akshat
1462221669,Bhavesh
1462218863,Chaitanya
1462219781,Akshat
1462223236,Chaitanya
1462219197,Darsh
1462221965,Akshat
1462223295,Akshat
1462225842,Akshat
1462222709,Chaitanya
1462224385,Darsh
1462224301,Bhavesh
1462223004,Akshat
1462221595,Chaitanya
1462222186,Bhavesh
1462222921,Akshat
1462223978,Darsh
1462222030,Darsh
1462219819,Chaitanya
1462225988,Akshat
1462223599,Bhavesh
1462219385,Akshat
1462219840,Chaitanya
1462223884,Darsh
1462219526,Darsh
1462226294,Chaitanya
1462224255,Bhavesh
1462222531,Chaitanya
1462221254,Chaitanya
1462221840,Chaitanya
1462221115,Bhavesh
1462222487,Bhavesh
1462222595,Akshat
1462221729,Chaitanya
1462226228,Akshat
1462223796,Chaitanya
1462222116,Bhavesh
1462224888,Chaitanya
1462225178,Akshat
1462224603,Akshat
1462220175,Akshat
1462221671,Akshat
1462221313,Darsh
1462224250,Bhavesh
1462220192,Chaitanya
1462221544,Akshat
1462220723,Darsh
1462224362,Akshat
1462218617,Akshat
1462221917,Bhavesh
1462222805,Akshat
1462219386,Akshat
1462219804,Chaitanya
1462225188,Darsh
1462218599,Chaitanya
1462225138,Akshat
1462218901,Chaitanya
1462224061,Darsh
1462221469,Chaitanya
1462223313,Darsh
1462218568,Akshat
1462224714,Bhavesh
1462220945,Darsh
1462225411,Darsh
1462225381,Bhavesh
1462219485,Bhavesh
1462222134,Chaitanya
1462223816,Bhavesh
1462225417,Chaitanya
1462221257,Chaitanya
1462223054,Chaitanya
1462225939,Bhavesh
1462218680,Darsh
1462223222,Akshat
1462221344,Darsh
1462218964,Bhavesh
1462222609,Akshat
1462222672,Akshat
1462225581,Akshat
1462221644,Akshat
1462223449,Chaitanya
1462221434,Chaitanya
1462226480,Akshat
1462223801,Darsh
1462224963,Bhavesh
1462219772,Bhavesh
1462220434,Darsh
1462222507,Darsh
1462222616,Akshat
1462223208,Bhavesh
1462219891,Akshat
1462219768,Akshat
1462219261,Chaitanya
1462224394,Darsh
1462219046,Akshat
1462218558,Chaitanya
1462220008,Akshat
1462220099,Bhavesh
1462224772,Chaitanya
1462225298,Bhavesh
1462222041,Chaitanya
1462225449,Bhavesh
1462223134,Akshat
1462223476,Chaitanya
1462219254,Darsh
1462225476,Bhavesh
1462225106,Bhavesh
1462225332,Darsh
1462218527,Akshat
1462221789,Darsh
1462221445,Chaitanya
1462219916,Darsh
1462225873,Chaitanya
1462223012,Bhavesh
1462225515,Akshat
1462224525,Chaitanya
1462222889,Darsh
1462221142,Akshat
1462219101,Chaitanya
1462219948,Chaitanya
1462222224,Chaitanya
1462218563,Akshat
1462221219,Akshat
1462221993,Akshat
1462219115,Bhavesh
1462223405,Akshat
1462225526,Darsh
1462221440,Darsh
1462220659,Bhavesh
1462224979,Darsh
1462222901,Akshat
1462220561,Chaitanya
1462221315,Bhavesh
1462221271,Bhavesh
1462226031,Darsh
1462220468,Bhavesh
1462225764,Darsh
1462223505,Akshat
1462226103,Darsh
1462223972,Bhavesh
1462225066,Bhavesh
1462223704,Akshat
1462221811,Chaitanya
1462219518,Darsh
1462224247,Chaitanya
1462220014,Akshat
1462224044,Bhavesh
1462221431,Chaitanya
1462226532,Bhavesh
1462225807,Darsh
1462220123,Darsh
1462225275,Bhavesh
1462222331,Darsh
1462220535,Akshat
1462221359,Akshat
1462220036,Akshat
1462223706,Akshat
1462219779,Darsh
1462223858,Darsh
1462225229,Darsh
1462219873,Chaitanya
1462226358,Chaitanya
1462226199,Darsh
1462222129,Chaitanya
1462222502,Bhavesh
1462224850,Chaitanya
1462219065,Chaitanya
1462220257,Chaitanya
1462220850,Darsh
1462223260,Bhavesh
1462224845,Darsh
1462220355,Akshat
1462224190,Bhavesh
1462222632,Chaitanya
1462223403,Darsh
1462218723,Bhavesh
1462226191,Bhavesh
1462221239,Chaitanya
1462221844,Darsh
1462225606,Darsh
1462223242,Bhavesh
1462224090,Bhavesh
1462221289,Chaitanya
1462221291,Chaitanya
1462225952,Darsh
1462224627,Chaitanya
1462219909,Akshat
1462226159,Bhavesh
1462218535,Chaitanya
1462226125,Darsh
1462220501,Chaitanya
1462223019,Chaitanya
1462222220,Bhavesh
1462219075,Akshat
1462225979,Bhavesh
1462219120,Chaitanya
1462223770,Chaitanya
1462220473,Bhavesh
1462225823,Chaitanya
1462221941,Akshat
1462222817,Akshat
1462219733,Akshat
1462223846,Darsh
1462219662,Darsh
1462223713,Akshat
1462223914,Darsh
1462225165,Chaitanya
1462221924,Chaitanya
1462221740,Bhavesh
1462222243,Darsh
1462226422,Darsh
1462224153,Chaitanya
1462226030,Bhavesh
1462220949,Bhavesh
1462224530,Darsh
1462222645,Chaitanya
1462223742,Chaitanya
1462218742,Bhavesh
1462222398,Chaitanya
1462224409,Darsh
1462222701,Akshat
1462219692,Bhavesh
1462224462,Bhavesh
1462220261,Akshat
1462220726,Bhavesh
1462224113,Chaitanya
1462225194,Chaitanya
1462225369,Bhavesh
1462218767,Akshat
1462224799,Bhavesh
1462219320,Akshat
1462222880,Chaitanya
1462226011,Chaitanya
1462219659,Bhavesh
1462220890,Akshat
1462222831,Darsh
1462221568,Chaitanya
1462222440,Darsh
1462221909,Bhavesh
1462221105,Chaitanya
1462223715,Chaitanya
1462222965,Akshat
1462222065,Akshat
1462221677,Darsh
1462221140,Bhavesh
1462225170,Akshat
1462218976,Bhavesh
1462222559,Akshat
1462222555,Bhavesh
1462222598,Chaitanya
1462219308,Akshat
1462222239,Akshat
1462224785,Darsh
1462226284,Bhavesh
1462225192,Darsh
1462222950,Chaitanya
1462220543,Darsh
1462221602,Darsh
1462224529,Bhavesh
1462222779,Darsh
1462218973,Darsh
1462225410,Darsh
1462223805,Darsh
1462226308,Darsh
1462221477,Bhavesh
1462226298,Chaitanya
1462222802,Chaitanya
1462221371,Bhavesh
1462220241,Bhavesh
1462224756,Darsh
1462225521,Darsh
1462223491,Chaitanya
1462224405,Chaitanya
1462219165,Darsh
1462223085,Chaitanya
1462223747,Darsh
1462226007,Chaitanya
1462219673,Bhavesh
1462225490,Bhavesh
1462225694,Akshat
1462223314,Chaitanya
1462224669,Akshat
1462221082,Akshat
1462219569,Darsh
1462220002,Akshat
1462224465,Darsh
1462222269,Bhavesh
1462225179,Akshat
1462223038,Akshat
1462225890,Bhavesh
1462219343,Darsh
1462221332,Chaitanya
1462220457,Akshat
1462226121,Darsh
1462219172,Chaitanya
1462220279,Chaitanya
1462223100,Chaitanya
1462220079,Chaitanya
1462225271,Akshat
1462221536,Akshat
1462220613,Bhavesh
1462222205,Darsh
1462219932,Bhavesh
1462226468,Bhavesh
1462219445,Chaitanya
1462219022,Akshat
1462221030,Bhavesh
1462221518,Akshat
1462218662,Bhavesh
1462225824,Bhavesh
1462224319,Akshat
1462225264,Akshat
1462220773,Bhavesh
1462223638,Akshat
1462221444,Chaitanya
1462220716,Darsh
1462224559,Bhavesh
1462224241,Darsh
1462219586,Darsh
1462219655,Chaitanya
1462225722,Chaitanya
1462222990,Akshat
1462220685,Bhavesh
1462221804,Bhavesh
1462220334,Darsh
1462223447,Chaitanya
1462226186,Akshat
1462218574,Bhavesh
1462220950,Chaitanya
1462221562,Akshat
1462219877,Chaitanya
1462226453,Darsh
1462226320,Chaitanya
1462224223,Akshat
1462225454,Bhavesh
1462226127,Darsh
1462224253,Bhavesh
1462219907,Chaitanya
1462222238,Chaitanya
1462220813,Bhavesh
1462219416,Bhavesh
1462221507,Akshat
1462223374,Bhavesh
1462222778,Akshat
1462219460,Darsh
1462226204,Darsh
1462224996,Darsh
1462221004,Bhavesh
1462224600,Bhavesh
1462226395,Akshat
1462222582,Chaitanya
1462223942,Bhavesh
1462218759,Darsh
1462222399,Akshat
1462221266,Chaitanya
1462222614,Darsh
1462218606,Akshat
1462223381,Akshat
1462221670,Darsh
1462223143,Darsh
1462222167,Darsh
1462224624,Bhavesh
1462223639,Akshat
1462222906,Akshat
1462220736,Darsh
1462223810,Bhavesh
1462219774,Chaitanya
1462221290,Akshat
1462226529,Darsh
1462225619,Akshat
1462220340,Chaitanya
1462219129,Chaitanya
1462224202,Bhavesh
1462218720,Akshat
1462224973,Chaitanya
1462222870,Chaitanya
1462223825,Chaitanya
1462220827,Akshat
1462220841,Akshat
1462224585,Akshat
1462223945,Akshat
1462220592,Akshat
1462219381,Darsh
1462223480,Darsh
1462221647,Chaitanya
1462223324,Chaitanya
1462220782,Akshat
1462225646,Darsh
1462221774,Akshat
1462225189,Bhavesh
1462225655,Chaitanya
1462221718,Bhavesh
1462220188,Akshat
1462220145,Chaitanya
1462219825,Akshat
1462221364,Akshat
1462226528,Chaitanya
1462225960,Darsh
1462220377,Chaitanya
1462222895,Darsh
1462221157,Darsh
1462225612,Akshat
1462219275,Darsh
1462224185,Darsh
1462225464,Akshat
1462219867,Chaitanya
1462220309,Darsh
1462226087,Bhavesh
1462225771,Chaitanya
1462223098,Darsh
1462224615,Darsh
1462220777,Darsh
1462219377,Bhavesh
1462226235,Bhavesh
1462226439,Chaitanya
1462221887,Chaitanya
1462222624,Chaitanya
1462224231,Bhavesh
1462222090,Akshat
1462218779,Akshat
1462220068,Darsh
1462219853,Darsh
1462220891,Bhavesh
1462223630,Bhavesh
1462223636,Darsh
1462225374,Akshat
1462226220,Akshat
1462224513,Bhavesh
1462225624,Bhavesh
1462219585,Darsh
1462223111,Chaitanya
1462223032,Chaitanya
1462225802,Chaitanya
1462221129,Akshat
1462222419,Darsh
1462223970,Bhavesh
1462220529,Chaitanya
1462219285,Chaitanya
1462223862,Chaitanya
1462221404,Bhavesh
1462226475,Bhavesh
1462224306,Bhavesh
1462221067,Bhavesh
1462220639,Bhavesh
1462218649,Darsh
1462224386,Bhavesh
1462225562,Darsh
1462225504,Akshat
1462221274,Chaitanya
1462226372,Chaitanya
1462220319,Darsh
1462223105,Akshat
1462226126,Bhavesh
1462224056,Darsh
1462222373,Chaitanya
1462223593,Bhavesh
1462225875,Akshat
1462224048,Akshat
1462223189,Darsh
1462219972,Chaitanya
1462224771,Darsh
1462225359,Chaitanya
1462224227,Darsh
1462222787,Darsh
1462224102,Bhavesh
1462226100,Chaitanya
1462224965,Chaitanya
1462223074,Akshat
1462225211,Chaitanya
1462220670,Chaitanya
1462221739,Chaitanya
1462219991,Bhavesh
1462224125,Bhavesh
1462219565,Bhavesh
1462225147,Bhavesh
1462225992,Darsh
1462223594,Darsh
1462224555,Bhavesh
1462224082,Chaitanya
1462221904,Bhavesh
1462223140,Chaitanya
1462223589,Chaitanya
1462224505,Chaitanya
1462219146,Darsh
1462226196,Bhavesh
1462221848,Chaitanya
1462224353,Akshat
1462221683,Akshat
1462222242,Darsh
1462220370,Bhavesh
1462225819,Chaitanya
1462219656,Darsh
1462219930,Akshat
1462220756,Akshat
1462223302,Darsh
1462225044,Bhavesh
1462223170,Chaitanya
1462218721,Darsh
1462222340,Bhavesh
1462219139,Darsh
1462218508,Darsh
1462223800,Akshat
1462219674,Chaitanya
1462222405,Darsh
1462220379,Chaitanya
1462222035,Chaitanya
1462220433,Darsh
1462223518,Darsh
1462220831,Darsh
1462221912,Akshat
1462219076,Bhavesh
1462218530,Chaitanya
1462224592,Chaitanya
1462220514,Chaitanya
1462225841,Darsh
1462226511,Chaitanya
1462224095,Akshat
1462225838,Bhavesh
1462226479,Chaitanya
1462221135,Darsh
1462224120,Chaitanya
1462224413,Akshat
1462218576,Chaitanya
1462226131,Darsh
1462223550,Bhavesh
1462219561,Akshat
1462221120,Bhavesh
1462225543,Akshat
1462224630,Bhavesh
1462219575,Darsh
1462221489,Chaitanya
1462221944,Akshat
1462222504,Chaitanya
1462220549,Darsh
1462225787,Darsh
1462225556,Chaitanya
1462225048,Chaitanya
1462221765,Darsh
1462226374,Darsh
1462218560,Darsh
1462224292,Chaitanya
1462221316,Akshat
1462224903,Bhavesh
1462224387,Darsh
1462226065,Bhavesh
1462221484,Akshat
1462223121,Akshat
1462222667,Akshat
1462224560,Darsh
1462224049,Chaitanya
1462219724,Akshat
1462223212,Chaitanya
1462221420,Darsh
1462221527,Darsh
1462219503,Bhavesh
1462223958,Darsh
1462224661,Akshat
1462219288,Darsh
1462225238,Chaitanya
1462225142,Darsh
1462225604,Akshat
1462222827,Bhavesh
1462226130,Akshat
1462224986,Chaitanya
1462224709,Akshat
1462220128,Akshat
1462225613,Darsh
1462222655,Darsh
1462219326,Chaitanya
1462223509,Chaitanya
1462221014,Darsh
1462220857,Akshat
1462226150,Darsh
1462218485,Akshat
1462221169,Darsh
1462225547,Chaitanya
1462224836,Darsh
1462224931,Bhavesh
1462221138,Bhavesh
1462223836,Chaitanya
1462218635,Akshat
1462223984,Bhavesh
1462226401,Chaitanya
1462224264,Akshat
1462224341,Chaitanya
1462221147,Darsh
1462226462,Darsh
1462218585,Darsh
1462222931,Chaitanya
1462220182,Chaitanya
1462225040,Darsh
1462219598,Akshat
1462225513,Darsh
1462225914,Bhavesh
1462220342,Darsh
1462222786,Darsh
1462222765,Akshat
1462223385,Chaitanya
1462222791,Darsh
1462222375,Chaitanya
1462225505,Akshat
1462222612,Darsh
1462221638,Darsh
1462225149,Darsh
1462223452,Chaitanya
1462219156,Bhavesh
1462226352,Akshat
1462220651,Akshat
1462220721,Akshat
1462219468,Darsh
1462221870,Darsh
1462218614,Akshat
1462222599,Chaitanya
1462225729,Chaitanya
1462222543,Chaitanya
1462225268,Chaitanya
1462221730,Darsh
1462224579,Darsh
1462223202,Darsh
1462221735,Bhavesh
1462224041,Akshat
1462225812,Bhavesh
1462223707,Darsh
1462218730,Darsh
1462221835,Chaitanya
1462220066,Bhavesh
1462219402,Akshat
1462225249,Chaitanya
1462225903,Bhavesh
1462218694,Chaitanya
1462224928,Darsh
1462219928,Darsh
1462225630,Akshat
1462221631,Darsh
1462225940,Darsh
1462222344,Chaitanya
1462225181,Chaitanya
1462223455,Chaitanya
1462220588,Bhavesh
1462223856,Darsh
1462225272,Akshat
1462225861,Chaitanya
1462222267,Akshat
1462219743,Darsh
1462219055,Bhavesh
1462225010,Akshat
1462221088,Darsh
1462219618,Akshat
1462221216,Akshat
1462224466,Chaitanya
1462225004,Chaitanya
1462220662,Chaitanya
1462224862,Bhavesh
1462220913,Bhavesh
1462224567,Bhavesh
1462226536,Bhavesh
1462221561,Darsh
1462220212,Akshat
1462221500,Darsh
1462224200,Chaitanya
1462224532,Darsh
1462218714,Bhavesh
1462221989,Bhavesh
1462223292,Darsh
1462224182,Darsh
1462221372,Chaitanya
1462222490,Chaitanya
1462219348,Akshat
1462223227,Chaitanya
1462226426,Chaitanya
1462225554,Bhavesh
1462225043,Chaitanya
1462226156,Chaitanya
1462223847,Chaitanya
1462220819,Darsh
1462226299,Akshat
1462224023,Darsh
1462225405,Akshat
1462221851,Chaitanya
1462226210,Akshat
1462223459,Darsh
1462224497,Chaitanya
1462224876,Akshat
1462219009,Chaitanya
1462223736,Darsh
1462224352,Akshat
1462224704,Darsh
1462226163,Chaitanya
1462224653,Chaitanya
1462222795,Chaitanya
1462221807,Chaitanya
1462224435,Darsh
1462222364,Chaitanya
1462222459,Chaitanya
1462220006,Bhavesh
1462221442,Bhavesh
1462225472,Chaitanya
1462222539,Darsh
1462218676,Darsh
1462223116,Chaitanya
1462225475,Bhavesh
1462222678,Bhavesh
1462226291,Chaitanya
1462221412,Darsh
1462224116,Darsh
1462218921,Bhavesh
1462219775,Bhavesh
1462219576,Darsh
1462221178,Darsh
1462225535,Darsh
1462224521,Chaitanya
1462219847,Bhavesh
1462219440,Chaitanya
1462221585,Bhavesh
1462220643,Darsh
1462220717,Chaitanya
1462222026,Akshat
1462218661,Darsh
1462219059,Akshat
1462219044,Darsh
1462221103,Darsh
1462218611,Akshat
1462224381,Akshat
1462219606,Darsh
1462223838,Darsh
1462220808,Darsh
1462223481,Chaitanya
1462220046,Bhavesh
1462221900,Darsh
1462220816,Chaitanya
1462219833,Bhavesh
1462224390,Bhavesh
1462222058,Darsh
1462221584,Darsh
1462224821,Chaitanya
1462220869,Chaitanya
1462222923,Akshat
1462224960,Chaitanya
1462225808,Akshat
1462219262,Darsh
1462226512,Darsh
1462222056,Darsh
1462221828,Chaitanya
1462219513,Darsh
1462219223,Darsh
1462219908,Chaitanya
1462221725,Akshat
1462220367,Darsh
1462218859,Bhavesh
1462225258,Bhavesh
1462219373,Darsh
1462218986,Darsh
1462223695,Akshat
1462224127,Chaitanya
1462222306,Bhavesh
1462225447,Akshat
1462219753,Bhavesh
1462219906,Bhavesh
1462224364,Darsh
1462218702,Akshat
1462225712,Darsh
1462224458,Darsh
1462224454,Akshat
1462225893,Akshat
1462222875,Bhavesh
1462223198,Darsh
1462223968,Bhavesh
1462219983,Bhavesh
1462226016,Akshat
1462226336,Darsh
1462221454,Bhavesh
1462226343,Akshat
1462219034,Chaitanya
1462222179,Bhavesh
1462222298,Chaitanya
1462220865,Akshat
1462224707,Akshat
1462222169,Chaitanya
1462222854,Bhavesh
1462218569,Darsh
1462222806,Chaitanya
1462221915,Bhavesh
1462221903,Darsh
1462218593,Chaitanya
1462226166,Darsh
1462220900,Bhavesh
1462225621,Akshat
1462222617,Darsh
1462224279,Darsh
1462222317,Darsh
1462225243,Akshat
1462222166,Bhavesh
1462221293,Bhavesh
1462219248,Darsh
1462225677,Bhavesh
1462224092,Bhavesh
1462218719,Darsh
1462223175,Chaitanya
1462224222,Akshat
1462225810,Akshat
1462219346,Darsh
1462219545,Darsh
1462223182,Chaitanya
1462222473,Bhavesh
1462225995,Chaitanya
1462218926,Darsh
1462222545,Chaitanya
1462220401,Darsh
1462221860,Bhavesh
1462220500,Akshat
1462223243,Darsh
1462219136,Bhavesh
1462220032,Chaitanya
1462224022,Bhavesh
1462220419,Akshat
1462225891,Bhavesh
1462218772,Darsh
1462224165,Darsh
1462218553,Akshat
1462222934,Chaitanya
1462222333,Akshat
1462222014,Akshat
1462224962,Akshat
1462224327,Chaitanya
1462220974,Bhavesh
1462225288,Bhavesh
1462226545,Chaitanya
1462224613,Darsh
1462219820,Bhavesh
1462223445,Akshat
1462221213,Bhavesh
1462223596,Akshat
1462221323,Chaitanya
1462221799,Akshat
1462221339,Akshat
1462220203,Akshat
1462221749,Darsh
1462219029,Chaitanya
1462226292,Darsh
1462218491,Akshat
1462220347,Darsh
1462219183,Akshat
1462225908,Akshat
1462224419,Darsh
1462218847,Chaitanya
1462225820,Chaitanya
1462222663,Chaitanya
1462225151,Akshat
1462220872,Akshat
1462220054,Bhavesh
1462223319,Chaitanya
1462224286,Chaitanya
1462221509,Chaitanya
1462224667,Darsh
1462220885,Akshat
1462219658,Bhavesh
1462220758,Chaitanya
1462220663,Chaitanya
1462222468,Akshat
1462221182,Darsh
1462223045,Bhavesh
1462223269,Bhavesh
1462221986,Akshat
1462218974,Bhavesh
1462225344,Akshat
1462225831,Chaitanya
1462224947,Chaitanya
1462220523,Akshat
1462223931,Akshat
1462218762,Bhavesh
1462223642,Chaitanya
1462218876,Darsh
1462222680,Bhavesh
1462220574,Darsh
1462224939,Akshat
1462222948,Darsh
1462221403,Chaitanya
1462226049,Chaitanya
1462226090,Chaitanya
1462225577,Chaitanya
1462220544,Bhavesh
1462224767,Chaitanya
1462220992,Darsh
1462222046,Akshat
1462225164,Chaitanya
1462218627,Chaitanya
1462224708,Bhavesh
1462222745,Akshat
1462224798,Darsh
1462220889,Akshat
1462222620,Chaitanya
1462221761,Darsh
1462223135,Darsh
1462224349,Bhavesh
1462225652,Bhavesh
1462225582,Akshat
1462223680,Chaitanya
1462223339,Bhavesh
1462223538,Bhavesh
1462218637,Bhavesh
1462220786,Akshat
1462222816,Darsh
1462225704,Akshat
1462220394,Darsh
1462220911,Darsh
1462225120,Darsh
1462219383,Akshat
1462226106,Chaitanya
1462224877,Akshat
1462220932,Chaitanya
1462219249,Chaitanya
1462219490,Bhavesh
1462223743,Chaitanya
1462222762,Bhavesh
1462225776,Akshat
1462226455,Akshat
1462219875,Darsh
1462224177,Akshat
1462220626,Chaitanya
1462222078,Darsh
1462220915,Darsh
1462218967,Akshat
1462219897,Bhavesh
1462221792,Bhavesh
1462226129,Akshat
1462225765,Bhavesh
1462222457,Chaitanya
1462220074,Akshat
1462225706,Bhavesh
1462219834,Akshat
1462219332,Darsh
1462221099,Akshat
1462226270,Chaitanya
1462223626,Darsh
1462219555,Darsh
1462222812,Chaitanya
1462222512,Darsh
1462223852,Darsh
1462218978,Chaitanya
1462221288,Akshat
1462219455,Bhavesh
1462221292,Darsh
1462225037,Darsh
1462224316,Chaitanya
1462224307,Akshat
1462222278,Bhavesh
1462220944,Darsh
1462220812,Darsh
1462218639,Darsh
1462221620,Akshat
1462222814,Darsh
1462220344,Akshat
1462220868,Chaitanya
1462223390,Akshat
1462220228,Darsh
1462223514,Akshat
1462221074,Bhavesh
1462226009,Akshat
1462218650,Darsh
1462225452,Chaitanya
1462225234,Chaitanya
1462223993,Chaitanya
1462220734,Akshat
1462225590,Bhavesh
1462222180,Bhavesh
1462226265,Bhavesh
1462222152,Bhavesh
1462224355,Chaitanya
1462220343,Bhavesh
1462224479,Darsh
1462220507,Chaitanya
1462223391,Chaitanya
1462221275,Akshat
1462219259,Darsh
1462224083,Chaitanya
1462220275,Darsh
1462223947,Bhavesh
1462220989,Akshat
1462225174,Akshat
1462225665,Darsh
1462220322,Bhavesh
1462224564,Darsh
1462222323,Darsh
1462221569,Darsh
1462219832,Akshat
1462225486,Darsh
1462221592,Akshat
1462219347,Akshat
1462223250,Darsh
1462220201,Bhavesh
1462218654,Darsh
1462224100,Chaitanya
1462219238,Darsh
1462226251,Bhavesh
1462226261,Darsh
1462222227,Akshat
1462225640,Akshat
1462221258,Akshat
1462220671,Darsh
